student_email,course_id,sec_no,exam_no,grades
aa2256@nittany.edu,CMPEN331,2,1,82
aa2256@nittany.edu,DS220,1,1,82
ab1769@nittany.edu,DS220,1,1,70
ab1769@nittany.edu,CMPSC461,1,1,67
ab1769@nittany.edu,CMPSC132,1,1,99
ab2069@nittany.edu,EE353,2,1,97
ab2069@nittany.edu,DS120,1,1,72
ab2069@nittany.edu,EE320,2,1,84
ab3016@nittany.edu,MATH141,1,1,65
ab3016@nittany.edu,CMPEN411,2,1,76
ab3016@nittany.edu,MATH230,2,1,82
ab3353@nittany.edu,IST110,1,1,68
ab3353@nittany.edu,DS120,1,1,85
ab3353@nittany.edu,CMPSC448,1,1,67
ab3717@nittany.edu,CHEM110,1,1,69
ab3717@nittany.edu,EE353,2,1,85
ab3717@nittany.edu,CMPEN362,1,1,88
ab4479@nittany.edu,EE212,2,1,62
ab4479@nittany.edu,EE211,1,1,94
ab4636@nittany.edu,CMPSC311,2,1,61
ab4636@nittany.edu,STAT318,2,1,70
ab5104@nittany.edu,CSE543,2,1,61
ab5104@nittany.edu,MATH141,1,1,62
ab8172@nittany.edu,CMPSC465,1,1,91
ab8172@nittany.edu,CMPEN362,2,1,68
ab8172@nittany.edu,EE210,1,1,83
ab8389@nittany.edu,CMPEN441,2,1,92
ab8389@nittany.edu,CMPEN351,2,1,95
ab8389@nittany.edu,PHYS214,1,1,100
ab8825@nittany.edu,PHYS211,1,1,63
ab8825@nittany.edu,CMPEN270,1,1,79
ab8825@nittany.edu,STAT319,2,1,61
ab9912@nittany.edu,MATH140,2,1,64
ab9912@nittany.edu,CHEM110,1,1,95
ab9912@nittany.edu,CMPSC475,2,1,87
ac5862@nittany.edu,IST110,1,1,72
ac5862@nittany.edu,CMPEN441,1,1,73
ac5862@nittany.edu,CMPSC465,2,1,76
ac6117@nittany.edu,CSE583,2,1,81
ac6117@nittany.edu,CMPEN441,2,1,71
ac6117@nittany.edu,CMPSC461,1,1,98
ad9791@nittany.edu,EE311,1,1,61
ad9791@nittany.edu,CHEM111,2,1,93
ad9791@nittany.edu,CSE543,1,1,68
ae4536@nittany.edu,STAT319,1,1,80
ae5810@nittany.edu,CMPEN270,1,1,61
ae5810@nittany.edu,STAT415,1,1,94
ae5810@nittany.edu,CHEM111,2,1,86
af2362@nittany.edu,EE211,2,1,97
af2362@nittany.edu,CMPSC360,2,1,93
af2362@nittany.edu,MATH231,2,1,66
af8503@nittany.edu,MATH230,2,1,75
af8503@nittany.edu,STAT415,2,1,69
af8503@nittany.edu,CMPEN331,1,1,76
ag1594@nittany.edu,CMPEN331,1,1,68
ag1594@nittany.edu,MATH231,1,1,95
ag1594@nittany.edu,CMPEN270,2,1,89
ag2003@nittany.edu,ECON102,1,1,76
ag2003@nittany.edu,CMPEN431,2,1,73
ag2003@nittany.edu,CSE583,2,1,85
ag4144@nittany.edu,MATH231,1,1,67
ag4144@nittany.edu,DS220,2,1,71
ag4144@nittany.edu,CHEM112,1,1,90
ag4728@nittany.edu,DS220,1,1,90
ag4728@nittany.edu,CMPSC448,1,1,73
ag4728@nittany.edu,MATH231,1,1,85
ag5931@nittany.edu,STAT415,1,1,92
ag5931@nittany.edu,CMPEN431,1,1,61
ag5931@nittany.edu,CSE583,2,1,72
ah1893@nittany.edu,CMPEN351,2,1,99
ah1893@nittany.edu,PHYS213,1,1,93
ah1893@nittany.edu,EE311,1,1,86
ah2132@nittany.edu,CMPEN411,2,1,100
ah2567@nittany.edu,CMPEN351,2,1,62
ah2567@nittany.edu,MATH230,2,1,79
ah3078@nittany.edu,EE353,2,1,73
ah3078@nittany.edu,CMPSC448,1,1,70
ah4627@nittany.edu,IST128,2,1,75
ah4627@nittany.edu,IST110,1,1,84
ah4627@nittany.edu,CMPSC132,1,1,80
ah5707@nittany.edu,IST128,1,1,84
ah5707@nittany.edu,STAT319,1,1,61
ah5707@nittany.edu,DS120,2,1,90
ah6141@nittany.edu,DS120,1,1,97
ah6141@nittany.edu,STAT415,2,1,71
ah6141@nittany.edu,EE210,2,1,72
ah8299@nittany.edu,ECON101,1,1,71
ah8299@nittany.edu,DS220,1,1,90
ah8649@nittany.edu,MATH140,1,1,78
ah8649@nittany.edu,CMPEN411,2,1,66
aj1457@nittany.edu,STAT318,1,1,94
aj1457@nittany.edu,EE210,1,1,81
aj1457@nittany.edu,EE212,1,1,65
aj2734@nittany.edu,CMPSC461,2,1,99
aj2734@nittany.edu,CMPEN270,1,1,65
aj2734@nittany.edu,MATH141,2,1,92
aj3787@nittany.edu,CMPSC461,2,1,89
aj3787@nittany.edu,DS220,1,1,71
aj3787@nittany.edu,CMPEN362,2,1,97
ak1365@nittany.edu,CMPSC465,2,1,65
ak1365@nittany.edu,STAT415,1,1,63
ak5096@nittany.edu,MATH140,1,1,85
ak5096@nittany.edu,CMPSC465,2,1,77
ak5096@nittany.edu,EE330,2,1,82
ak5890@nittany.edu,EE210,2,1,77
ak5890@nittany.edu,MATH230,1,1,62
ak5890@nittany.edu,MATH140,2,1,85
ak9804@nittany.edu,CMPEN411,2,1,76
ak9804@nittany.edu,MATH231,1,1,93
ak9804@nittany.edu,CHEM111,1,1,87
al4613@nittany.edu,EE320,1,1,86
al4613@nittany.edu,EE212,1,1,81
al5684@nittany.edu,CMPSC461,1,1,84
al5684@nittany.edu,CMPSC475,2,1,97
al5806@nittany.edu,CHEM111,1,1,75
al5806@nittany.edu,EE210,2,1,91
al5806@nittany.edu,EE352,1,1,70
al6759@nittany.edu,CMPSC360,1,1,91
al6759@nittany.edu,PHYS213,1,1,99
al6759@nittany.edu,ECON101,1,1,81
al7553@nittany.edu,CHEM110,2,1,63
al7553@nittany.edu,CMPSC461,2,1,88
al7553@nittany.edu,EE212,2,1,82
al8826@nittany.edu,EE352,1,1,85
al8826@nittany.edu,ECON102,2,1,68
al8826@nittany.edu,CMPSC132,1,1,80
al8943@nittany.edu,CMPEN362,2,1,86
al8943@nittany.edu,ECON201,1,1,71
am1296@nittany.edu,PHYS213,1,1,88
am1296@nittany.edu,CMPSC461,2,1,74
am1296@nittany.edu,DS120,2,1,64
am2658@nittany.edu,MATH140,2,1,81
am3245@nittany.edu,CMPSC475,2,1,78
am3245@nittany.edu,CMPSC448,2,1,65
am3245@nittany.edu,PHYS214,1,1,84
am4447@nittany.edu,PHYS212,2,1,82
am4447@nittany.edu,IST110,1,1,83
am4447@nittany.edu,CMPEN331,1,1,84
am5109@nittany.edu,MATH140,2,1,80
am6323@nittany.edu,EE211,2,1,94
am6323@nittany.edu,PHYS211,2,1,77
am6718@nittany.edu,CMPSC461,1,1,76
am6718@nittany.edu,MATH230,1,1,97
am6718@nittany.edu,CHEM111,1,1,72
am9248@nittany.edu,CHEM110,1,1,95
am9248@nittany.edu,EE330,1,1,74
am9248@nittany.edu,CSE543,1,1,72
ao3325@nittany.edu,ECON201,1,1,81
ao3325@nittany.edu,EE330,2,1,64
ao8250@nittany.edu,PHYS212,2,1,88
ao8250@nittany.edu,CSE583,2,1,65
ao8250@nittany.edu,DS220,2,1,80
ap7012@nittany.edu,CHEM111,1,1,67
ap7012@nittany.edu,DS220,1,1,92
ap7012@nittany.edu,EE210,2,1,99
ap8429@nittany.edu,CMPEN441,1,1,61
ap8774@nittany.edu,CMPEN411,2,1,68
ap8774@nittany.edu,EE320,2,1,74
ap8774@nittany.edu,CMPEN331,2,1,69
ar5750@nittany.edu,CMPSC131,2,1,72
ar5750@nittany.edu,CMPEN270,1,1,64
ar7586@nittany.edu,CSE543,2,1,82
ar7586@nittany.edu,CHEM111,1,1,85
ar7586@nittany.edu,DS120,1,1,91
ar9287@nittany.edu,EE211,2,1,68
ar9287@nittany.edu,MATH231,2,1,81
ar9287@nittany.edu,IST110,2,1,77
as1233@nittany.edu,CMPSC360,1,1,94
as1233@nittany.edu,CMPEN431,2,1,83
as1233@nittany.edu,EE330,1,1,95
as2481@nittany.edu,CMPSC448,1,1,84
as2481@nittany.edu,CSE543,1,1,74
as2674@nittany.edu,PHYS214,2,1,95
as2674@nittany.edu,CMPEN351,2,1,85
as2674@nittany.edu,CMPSC465,1,1,73
as3353@nittany.edu,CMPSC132,1,1,65
as3353@nittany.edu,CMPSC448,1,1,83
as3353@nittany.edu,CSE583,1,1,67
as3517@nittany.edu,EE353,1,1,73
as3517@nittany.edu,CMPSC475,2,1,71
as3517@nittany.edu,PHYS214,2,1,67
as3627@nittany.edu,CSE583,2,1,79
as3627@nittany.edu,CMPSC360,1,1,81
as3627@nittany.edu,IST110,2,1,88
as4057@nittany.edu,MATH231,1,1,86
as4057@nittany.edu,EE210,1,1,60
as4372@nittany.edu,CMPEN362,1,1,74
as4372@nittany.edu,EE330,1,1,87
as4372@nittany.edu,DS220,1,1,96
as5959@nittany.edu,EE352,2,1,88
as5959@nittany.edu,CMPEN431,2,1,73
as5959@nittany.edu,EE330,2,1,65
as6603@nittany.edu,CSE583,2,1,92
as6603@nittany.edu,PHYS212,1,1,79
as6603@nittany.edu,CMPEN351,2,1,90
as6904@nittany.edu,DS220,1,1,79
as6904@nittany.edu,CMPEN362,1,1,94
as6904@nittany.edu,ECON101,2,1,69
as7706@nittany.edu,EE212,2,1,79
as7706@nittany.edu,CMPEN351,1,1,72
as7706@nittany.edu,CMPEN362,1,1,93
as9069@nittany.edu,CMPSC132,1,1,75
as9069@nittany.edu,MATH140,2,1,80
as9069@nittany.edu,CHEM110,1,1,85
at1813@nittany.edu,CMPEN431,1,1,76
at1813@nittany.edu,CMPSC221,2,1,81
at1813@nittany.edu,PHYS211,1,1,64
at2037@nittany.edu,PHYS214,2,1,90
at2037@nittany.edu,CSE583,2,1,91
at5855@nittany.edu,DS120,2,1,70
at5855@nittany.edu,CMPSC475,1,1,92
aw1897@nittany.edu,CMPEN351,1,1,66
aw1897@nittany.edu,EE311,1,1,86
aw2413@nittany.edu,ECON102,2,1,74
aw2413@nittany.edu,CMPSC360,1,1,67
aw2413@nittany.edu,EE353,2,1,64
aw2983@nittany.edu,PHYS213,2,1,60
aw2983@nittany.edu,ECON201,2,1,66
aw2983@nittany.edu,EE353,2,1,92
aw5441@nittany.edu,PHYS214,2,1,92
aw5441@nittany.edu,ECON201,2,1,82
aw5441@nittany.edu,CMPSC448,2,1,79
aw8382@nittany.edu,ECON102,1,1,97
aw8382@nittany.edu,STAT318,2,1,79
aw8623@nittany.edu,MATH231,2,1,79
aw8623@nittany.edu,PHYS214,1,1,65
aw8623@nittany.edu,PHYS211,2,1,86
aw9070@nittany.edu,CMPEN351,1,1,99
aw9070@nittany.edu,MATH140,1,1,80
aw9070@nittany.edu,STAT415,2,1,85
ay6012@nittany.edu,EE211,1,1,62
ay6012@nittany.edu,ECON101,2,1,78
ay6012@nittany.edu,CMPEN411,2,1,95
az6923@nittany.edu,IST110,2,1,73
az6923@nittany.edu,MATH140,2,1,87
az6923@nittany.edu,STAT318,2,1,94
ba4903@nittany.edu,CMPSC311,2,1,96
ba4903@nittany.edu,EE210,1,1,99
bb2169@nittany.edu,PHYS214,1,1,83
bb2169@nittany.edu,CMPSC465,2,1,75
bb2169@nittany.edu,CSE583,1,1,76
bb2708@nittany.edu,CMPEN441,1,1,61
bb2708@nittany.edu,CMPSC461,1,1,99
bb2708@nittany.edu,CHEM112,2,1,81
bb3021@nittany.edu,CMPSC475,2,1,69
bb3021@nittany.edu,CSE543,2,1,84
bb3021@nittany.edu,CMPSC131,1,1,61
bb4001@nittany.edu,EE352,2,1,70
bb4001@nittany.edu,MATH141,2,1,61
bb4001@nittany.edu,EE212,2,1,61
bb4483@nittany.edu,DS120,1,1,99
bb4483@nittany.edu,PHYS212,1,1,71
bb4483@nittany.edu,MATH231,2,1,82
bc4962@nittany.edu,CMPEN431,1,1,64
bc4962@nittany.edu,STAT415,2,1,76
bc4962@nittany.edu,STAT319,2,1,77
bd6345@nittany.edu,CMPEN331,2,1,67
bd6345@nittany.edu,CHEM112,2,1,71
bd6345@nittany.edu,ECON101,2,1,69
bf5148@nittany.edu,CSE543,1,1,98
bf5148@nittany.edu,PHYS213,1,1,98
bf5148@nittany.edu,PHYS211,2,1,79
bg1874@nittany.edu,ECON201,1,1,91
bg1874@nittany.edu,CMPEN331,2,1,95
bh1407@nittany.edu,CMPSC465,2,1,86
bh1407@nittany.edu,EE311,1,1,89
bh1407@nittany.edu,CMPEN362,1,1,90
bh9149@nittany.edu,CMPEN411,2,1,72
bh9149@nittany.edu,CMPSC131,1,1,91
bh9149@nittany.edu,CMPSC221,1,1,76
bj2880@nittany.edu,EE320,1,1,76
bj2880@nittany.edu,STAT319,1,1,79
bj2880@nittany.edu,IST110,1,1,76
bk4164@nittany.edu,ECON101,2,1,70
bk4164@nittany.edu,CMPEN270,1,1,88
bk5477@nittany.edu,ECON102,1,1,71
bk5477@nittany.edu,CMPEN411,2,1,60
bk6475@nittany.edu,CHEM111,1,1,90
bk6475@nittany.edu,EE352,1,1,88
bk6824@nittany.edu,CSE583,2,1,69
bk6824@nittany.edu,PHYS214,2,1,60
bk6824@nittany.edu,STAT319,1,1,99
bl3745@nittany.edu,EE353,2,1,71
bl3745@nittany.edu,EE330,2,1,100
bl3745@nittany.edu,CMPEN270,1,1,76
bl4092@nittany.edu,CMPSC311,1,1,76
bl4092@nittany.edu,EE320,2,1,60
bl6052@nittany.edu,CMPSC221,2,1,68
bl6052@nittany.edu,CMPSC475,2,1,72
bl6052@nittany.edu,DS120,1,1,82
bl7521@nittany.edu,PHYS213,2,1,65
bl7521@nittany.edu,STAT318,1,1,87
bl7521@nittany.edu,EE353,1,1,85
bm6234@nittany.edu,EE330,1,1,85
bm6234@nittany.edu,CMPSC221,2,1,100
bm6234@nittany.edu,IST110,1,1,60
bm9506@nittany.edu,ECON102,2,1,90
bm9506@nittany.edu,PHYS214,2,1,88
bm9506@nittany.edu,STAT415,1,1,60
bo5114@nittany.edu,ECON201,2,1,68
bo5114@nittany.edu,MATH141,2,1,78
bo5114@nittany.edu,EE212,1,1,83
bp1701@nittany.edu,CMPEN270,2,1,93
bp1701@nittany.edu,CMPSC461,2,1,85
bp7844@nittany.edu,CMPEN441,2,1,71
bp7844@nittany.edu,CMPSC132,1,1,64
bp7844@nittany.edu,MATH140,2,1,66
bp7877@nittany.edu,EE320,2,1,93
bp7877@nittany.edu,EE311,1,1,79
bp7877@nittany.edu,PHYS213,2,1,88
br5296@nittany.edu,EE212,2,1,75
br5296@nittany.edu,STAT415,2,1,82
br5296@nittany.edu,CMPSC132,1,1,95
br8383@nittany.edu,MATH231,1,1,68
br8383@nittany.edu,CMPEN431,1,1,73
br8383@nittany.edu,PHYS213,1,1,64
br8852@nittany.edu,DS220,2,1,74
bs1006@nittany.edu,CMPSC360,2,1,64
bs1006@nittany.edu,CMPEN270,2,1,86
bs1006@nittany.edu,CMPEN441,1,1,68
bs3099@nittany.edu,CMPSC431W,2,1,69
bs3099@nittany.edu,CSE583,2,1,69
bs3099@nittany.edu,IST128,1,1,91
bt1573@nittany.edu,CMPEN411,1,1,69
bt1573@nittany.edu,EE212,1,1,77
bt1573@nittany.edu,CSE583,2,1,87
bw8893@nittany.edu,IST110,2,1,92
bw8893@nittany.edu,ECON102,2,1,68
bw8893@nittany.edu,CMPSC465,1,1,70
ca1975@nittany.edu,CMPEN441,2,1,76
ca5845@nittany.edu,STAT318,1,1,88
ca5845@nittany.edu,EE311,2,1,65
ca5845@nittany.edu,CMPSC465,1,1,66
ca6499@nittany.edu,DS120,1,1,70
ca6499@nittany.edu,CMPSC311,1,1,93
ca6499@nittany.edu,ECON102,1,1,64
cb2134@nittany.edu,ECON101,1,1,94
cb2134@nittany.edu,PHYS212,2,1,67
cb2134@nittany.edu,CSE543,2,1,78
cb5065@nittany.edu,CMPEN270,1,1,67
cb5065@nittany.edu,CMPEN411,2,1,69
cb5065@nittany.edu,STAT319,2,1,73
cb6121@nittany.edu,CMPEN331,2,1,73
cb6121@nittany.edu,STAT318,2,1,89
cb6121@nittany.edu,DS220,1,1,89
cb8478@nittany.edu,MATH231,1,1,96
cb8478@nittany.edu,EE211,1,1,90
cc1235@nittany.edu,EE212,2,1,69
cc1235@nittany.edu,CMPSC448,2,1,95
cc2445@nittany.edu,MATH231,2,1,93
cc2445@nittany.edu,CHEM112,1,1,67
cc2445@nittany.edu,ECON101,1,1,83
cc6232@nittany.edu,CMPSC461,1,1,84
cc6232@nittany.edu,MATH141,2,1,86
cc6232@nittany.edu,EE212,2,1,64
cd3328@nittany.edu,EE352,2,1,92
cd3328@nittany.edu,CSE583,1,1,66
cd3328@nittany.edu,CMPSC461,1,1,77
cd4187@nittany.edu,EE353,1,1,62
cd4187@nittany.edu,PHYS211,1,1,72
cd4187@nittany.edu,CHEM111,2,1,75
cf2840@nittany.edu,STAT415,1,1,66
cf2840@nittany.edu,CHEM111,1,1,63
cf2840@nittany.edu,CMPSC448,2,1,66
cg4094@nittany.edu,CMPEN351,1,1,94
cg4094@nittany.edu,CMPEN270,1,1,92
cg4965@nittany.edu,CMPSC221,1,1,73
cg4965@nittany.edu,CMPEN331,1,1,65
cg4965@nittany.edu,EE353,1,1,81
cg7136@nittany.edu,DS120,2,1,70
cg7136@nittany.edu,CMPEN362,2,1,86
cg7136@nittany.edu,CMPSC221,2,1,83
ch1256@nittany.edu,CMPSC461,1,1,88
ch1256@nittany.edu,PHYS213,1,1,67
ch2187@nittany.edu,CMPSC131,1,1,98
ch2187@nittany.edu,CMPSC132,2,1,79
ch2187@nittany.edu,EE311,2,1,89
ch3297@nittany.edu,CHEM112,2,1,69
ch3297@nittany.edu,DS220,2,1,75
ch3297@nittany.edu,MATH140,1,1,68
ch6057@nittany.edu,CMPSC221,2,1,73
ch6057@nittany.edu,CMPSC132,2,1,65
ch6057@nittany.edu,MATH231,2,1,76
ch9754@nittany.edu,CHEM111,2,1,97
ch9754@nittany.edu,MATH141,1,1,91
ch9754@nittany.edu,MATH230,2,1,80
ck2097@nittany.edu,STAT415,2,1,97
ck2097@nittany.edu,CSE583,1,1,83
ck2097@nittany.edu,EE353,2,1,88
ck4064@nittany.edu,CMPEN431,2,1,62
ck4064@nittany.edu,EE212,2,1,87
ck4064@nittany.edu,STAT319,2,1,100
ck4873@nittany.edu,DS220,2,1,87
ck4873@nittany.edu,PHYS211,1,1,87
ck4873@nittany.edu,CMPSC131,1,1,86
ck6661@nittany.edu,IST110,1,1,71
ck6661@nittany.edu,CMPSC448,2,1,79
ck6661@nittany.edu,CMPSC360,2,1,69
ck8437@nittany.edu,IST110,1,1,67
ck8437@nittany.edu,ECON101,1,1,91
ck8437@nittany.edu,MATH231,2,1,70
cm4400@nittany.edu,MATH140,1,1,69
cm4400@nittany.edu,EE330,2,1,89
cm4400@nittany.edu,EE211,1,1,97
cm5322@nittany.edu,EE210,2,1,83
cm5322@nittany.edu,PHYS214,2,1,84
cm5322@nittany.edu,CMPSC360,1,1,77
cn5368@nittany.edu,CHEM112,2,1,96
cn5368@nittany.edu,CMPSC475,2,1,63
cn5368@nittany.edu,PHYS211,1,1,84
cn5833@nittany.edu,CMPSC132,1,1,76
cn5833@nittany.edu,STAT415,1,1,100
cn5833@nittany.edu,ECON201,2,1,73
co3033@nittany.edu,CMPSC132,2,1,89
co3033@nittany.edu,MATH230,2,1,66
co3033@nittany.edu,CMPSC131,1,1,96
co5263@nittany.edu,CMPEN362,1,1,70
co5263@nittany.edu,DS120,1,1,77
co9856@nittany.edu,CMPSC431W,1,1,88
co9856@nittany.edu,CMPSC131,2,1,86
co9856@nittany.edu,CMPEN411,1,1,78
cp9426@nittany.edu,PHYS212,2,1,69
cp9426@nittany.edu,STAT319,2,1,62
cp9426@nittany.edu,PHYS211,2,1,93
cq4861@nittany.edu,PHYS212,1,1,89
cq4861@nittany.edu,STAT319,1,1,60
cq4861@nittany.edu,EE352,2,1,84
cr5283@nittany.edu,CMPSC132,2,1,74
cr5283@nittany.edu,CMPSC131,2,1,62
cr5283@nittany.edu,CMPEN431,1,1,81
cr7030@nittany.edu,CMPSC311,1,1,97
cr7030@nittany.edu,PHYS212,2,1,66
cr7030@nittany.edu,MATH140,2,1,81
cr7454@nittany.edu,CMPEN441,1,1,82
cr7454@nittany.edu,CHEM110,1,1,61
cr7454@nittany.edu,MATH230,2,1,92
cr7460@nittany.edu,ECON102,2,1,68
cr7460@nittany.edu,EE352,2,1,76
cr7460@nittany.edu,CMPSC431W,2,1,81
cr7834@nittany.edu,CMPSC448,2,1,64
cr7834@nittany.edu,CMPEN351,1,1,72
cr7834@nittany.edu,CMPEN411,1,1,86
cr8911@nittany.edu,DS220,2,1,85
cr8911@nittany.edu,CMPSC311,2,1,78
cr8911@nittany.edu,EE210,1,1,77
cs1816@nittany.edu,EE210,1,1,87
cs1816@nittany.edu,CMPEN351,1,1,99
cs1816@nittany.edu,CMPEN270,2,1,97
cs2006@nittany.edu,CHEM111,1,1,71
cs2006@nittany.edu,CMPEN362,2,1,94
cs2006@nittany.edu,IST110,1,1,62
cs3610@nittany.edu,CHEM112,1,1,71
cs3610@nittany.edu,CMPSC465,1,1,72
cs3610@nittany.edu,STAT319,2,1,86
cs3661@nittany.edu,EE212,1,1,95
cs3661@nittany.edu,EE311,2,1,63
cs3661@nittany.edu,CMPSC132,1,1,99
cs3754@nittany.edu,PHYS213,1,1,100
cs3754@nittany.edu,MATH230,2,1,75
cs3754@nittany.edu,MATH140,2,1,61
cs4243@nittany.edu,CMPEN441,1,1,80
cs4243@nittany.edu,EE352,2,1,83
cs4540@nittany.edu,CMPEN411,1,1,78
cs4540@nittany.edu,EE311,1,1,62
cs4540@nittany.edu,CMPEN331,2,1,72
cs5417@nittany.edu,CMPSC461,1,1,68
cs5417@nittany.edu,CMPEN441,1,1,72
ct2924@nittany.edu,CMPEN441,1,1,90
ct2924@nittany.edu,CSE543,2,1,78
ct2924@nittany.edu,MATH231,2,1,66
cw1038@nittany.edu,IST128,2,1,74
cw1038@nittany.edu,PHYS213,1,1,85
cw1038@nittany.edu,CMPEN411,2,1,60
cw3561@nittany.edu,ECON201,1,1,90
cw3561@nittany.edu,ECON102,2,1,78
cw3561@nittany.edu,MATH140,1,1,83
cw6141@nittany.edu,IST110,2,1,71
cw6141@nittany.edu,CMPSC311,2,1,82
cw6141@nittany.edu,CMPSC221,1,1,73
cw7068@nittany.edu,DS220,2,1,89
cw7068@nittany.edu,CMPEN331,1,1,71
cw7068@nittany.edu,CMPSC448,1,1,75
cw7585@nittany.edu,EE320,1,1,70
cw7585@nittany.edu,IST128,2,1,89
cz9116@nittany.edu,CMPSC311,1,1,87
cz9116@nittany.edu,CMPEN362,1,1,86
da1878@nittany.edu,CMPSC221,2,1,90
da1878@nittany.edu,PHYS213,2,1,90
da1878@nittany.edu,DS120,1,1,75
da2022@nittany.edu,EE210,1,1,64
da2022@nittany.edu,CMPSC448,1,1,97
da2022@nittany.edu,CHEM110,1,1,99
da3247@nittany.edu,CMPSC465,1,1,83
da3247@nittany.edu,MATH140,1,1,88
da3247@nittany.edu,EE352,2,1,98
da4619@nittany.edu,EE212,2,1,100
da4619@nittany.edu,PHYS211,2,1,100
da4619@nittany.edu,CMPEN362,1,1,70
da8807@nittany.edu,EE311,2,1,69
da8807@nittany.edu,EE210,1,1,63
da8807@nittany.edu,DS120,2,1,83
db1016@nittany.edu,IST110,2,1,69
db1016@nittany.edu,CMPSC360,1,1,71
db1016@nittany.edu,MATH230,2,1,74
db2409@nittany.edu,MATH140,1,1,85
db2409@nittany.edu,CMPSC431W,2,1,96
db2409@nittany.edu,CMPEN431,2,1,61
db6530@nittany.edu,CMPEN411,2,1,83
db6530@nittany.edu,ECON102,1,1,70
db6530@nittany.edu,CMPSC360,1,1,80
dc3082@nittany.edu,CHEM111,2,1,68
dc3082@nittany.edu,CMPSC360,1,1,90
dc5453@nittany.edu,MATH231,2,1,75
dc5453@nittany.edu,CMPEN431,1,1,88
dc5453@nittany.edu,CHEM111,1,1,78
dc7489@nittany.edu,IST128,1,1,60
dc7489@nittany.edu,PHYS212,2,1,90
dc8417@nittany.edu,CMPSC448,1,1,93
dc8417@nittany.edu,EE353,1,1,90
dc8417@nittany.edu,CHEM111,1,1,100
dc8436@nittany.edu,PHYS213,2,1,87
dc8436@nittany.edu,PHYS211,1,1,72
dc8436@nittany.edu,EE320,2,1,85
dd7048@nittany.edu,CMPSC465,2,1,95
dd7048@nittany.edu,EE211,2,1,85
dd7048@nittany.edu,CMPSC475,2,1,65
de5828@nittany.edu,CMPEN331,2,1,74
de5828@nittany.edu,CHEM111,2,1,71
de5828@nittany.edu,EE352,2,1,70
df7770@nittany.edu,MATH230,1,1,77
df7770@nittany.edu,CMPEN351,2,1,67
df7770@nittany.edu,PHYS212,1,1,71
df8189@nittany.edu,CMPSC360,2,1,92
df8189@nittany.edu,EE353,1,1,77
dg1041@nittany.edu,EE311,1,1,91
dg1041@nittany.edu,EE210,1,1,67
dg1041@nittany.edu,CHEM112,2,1,75
dg3029@nittany.edu,CMPSC311,1,1,91
dg3029@nittany.edu,MATH140,2,1,93
dg3029@nittany.edu,CMPSC431W,1,1,85
dg3528@nittany.edu,MATH140,2,1,79
dg3528@nittany.edu,MATH231,2,1,84
dg3660@nittany.edu,EE311,1,1,99
dg3660@nittany.edu,DS120,1,1,63
dg3660@nittany.edu,EE352,2,1,82
dg6925@nittany.edu,CMPEN362,2,1,86
dg6925@nittany.edu,CMPEN351,2,1,71
dg6925@nittany.edu,IST110,1,1,68
dg7321@nittany.edu,STAT415,1,1,74
dg7321@nittany.edu,CMPEN431,1,1,86
dg7321@nittany.edu,CMPSC431W,1,1,79
dg7987@nittany.edu,ECON101,1,1,86
dg7987@nittany.edu,CSE583,1,1,84
dg7987@nittany.edu,MATH141,2,1,97
dg8738@nittany.edu,CMPEN331,1,1,62
dg8738@nittany.edu,EE352,1,1,67
dg9379@nittany.edu,EE210,2,1,93
dg9379@nittany.edu,CMPSC360,2,1,78
dh1318@nittany.edu,CMPSC311,2,1,90
dh1318@nittany.edu,MATH141,2,1,92
dh1318@nittany.edu,CMPSC431W,1,1,78
dh3792@nittany.edu,EE212,2,1,85
dh3792@nittany.edu,CHEM110,1,1,62
dh3792@nittany.edu,MATH230,1,1,68
dh5008@nittany.edu,CMPSC131,1,1,97
dh5008@nittany.edu,CMPEN351,2,1,89
dh5107@nittany.edu,MATH140,1,1,70
dh5107@nittany.edu,CHEM112,1,1,80
dh5107@nittany.edu,CHEM110,1,1,79
dh6358@nittany.edu,PHYS211,1,1,80
dh6358@nittany.edu,CMPEN441,1,1,64
dh6358@nittany.edu,CMPSC475,1,1,80
dh7046@nittany.edu,STAT318,1,1,73
dh7046@nittany.edu,CMPSC465,1,1,94
dh7046@nittany.edu,CMPSC431W,2,1,84
dh7362@nittany.edu,CMPSC475,2,1,63
dh7362@nittany.edu,CMPSC431W,1,1,72
dh7362@nittany.edu,EE212,2,1,86
dh7522@nittany.edu,CMPEN351,1,1,94
dh7522@nittany.edu,EE330,1,1,90
dh7522@nittany.edu,CMPEN411,1,1,69
dj1479@nittany.edu,CMPEN431,2,1,94
dj1479@nittany.edu,MATH230,2,1,62
dj4017@nittany.edu,STAT415,1,1,72
dj4017@nittany.edu,CHEM111,2,1,84
dj4017@nittany.edu,PHYS213,2,1,90
dk1425@nittany.edu,CMPSC131,1,1,98
dk1425@nittany.edu,CMPEN331,1,1,73
dk5850@nittany.edu,CMPEN411,2,1,73
dk5850@nittany.edu,MATH231,1,1,92
dk5850@nittany.edu,EE352,1,1,67
dk5949@nittany.edu,CSE543,2,1,66
dk5949@nittany.edu,CMPSC131,2,1,81
dk5949@nittany.edu,PHYS213,2,1,92
dk6748@nittany.edu,IST128,2,1,82
dk6748@nittany.edu,CMPEN331,1,1,88
dk9439@nittany.edu,CMPSC221,2,1,83
dk9439@nittany.edu,CMPEN441,1,1,67
dk9439@nittany.edu,PHYS211,2,1,72
dl2872@nittany.edu,MATH230,2,1,70
dl2872@nittany.edu,ECON101,2,1,82
dl4708@nittany.edu,IST110,1,1,85
dl4708@nittany.edu,CMPSC131,2,1,66
dl4708@nittany.edu,MATH141,2,1,92
dl6390@nittany.edu,EE210,1,1,88
dl6390@nittany.edu,CMPEN411,1,1,67
dl6390@nittany.edu,STAT415,1,1,81
dl7100@nittany.edu,CHEM110,1,1,82
dl7100@nittany.edu,STAT318,2,1,97
dl7664@nittany.edu,CMPEN270,1,1,95
dl7664@nittany.edu,CMPSC448,1,1,93
dl7664@nittany.edu,IST110,1,1,99
dl8726@nittany.edu,EE320,2,1,98
dl8726@nittany.edu,IST128,2,1,60
dl8726@nittany.edu,CSE543,1,1,95
dm4287@nittany.edu,CMPSC465,2,1,63
dm4287@nittany.edu,PHYS212,1,1,82
dm4287@nittany.edu,CMPSC360,2,1,74
dm6239@nittany.edu,CMPEN362,2,1,64
dm6239@nittany.edu,EE352,1,1,72
dm6239@nittany.edu,EE210,2,1,62
dm6277@nittany.edu,CMPEN270,1,1,76
dm6277@nittany.edu,EE330,2,1,65
dm6277@nittany.edu,IST110,1,1,68
dm9701@nittany.edu,CHEM112,2,1,89
dm9701@nittany.edu,CMPEN362,2,1,69
dm9701@nittany.edu,EE320,2,1,70
do2791@nittany.edu,CMPSC360,1,1,60
do2791@nittany.edu,CSE583,2,1,77
do2791@nittany.edu,EE212,2,1,81
do7088@nittany.edu,CMPSC431W,2,1,98
do7088@nittany.edu,CMPEN362,1,1,89
do7088@nittany.edu,CMPSC475,2,1,67
do8320@nittany.edu,MATH141,2,1,65
do8320@nittany.edu,EE353,2,1,75
do8320@nittany.edu,CMPSC465,2,1,79
do9924@nittany.edu,CMPEN351,2,1,100
do9924@nittany.edu,CMPEN331,1,1,99
do9924@nittany.edu,EE320,1,1,77
dp4783@nittany.edu,ECON102,1,1,75
dp4783@nittany.edu,CMPEN351,2,1,62
dp4783@nittany.edu,CHEM110,1,1,79
dr3255@nittany.edu,CMPSC431W,2,1,90
dr3255@nittany.edu,EE352,1,1,90
dr3255@nittany.edu,CMPSC448,1,1,64
dr5383@nittany.edu,MATH140,2,1,62
dr5383@nittany.edu,EE211,2,1,63
dr5383@nittany.edu,CMPEN441,2,1,75
dr6246@nittany.edu,EE210,2,1,98
dr6246@nittany.edu,PHYS212,1,1,83
dr6246@nittany.edu,ECON201,2,1,66
dr7544@nittany.edu,CMPSC132,1,1,66
dr7544@nittany.edu,CMPSC465,1,1,85
dr7544@nittany.edu,PHYS214,1,1,95
dr8416@nittany.edu,CMPSC132,1,1,97
dr8416@nittany.edu,IST110,2,1,65
dr8416@nittany.edu,EE210,2,1,68
dr9676@nittany.edu,MATH141,1,1,84
dr9676@nittany.edu,CMPEN331,2,1,92
dr9676@nittany.edu,MATH230,2,1,85
ds2123@nittany.edu,EE212,1,1,82
ds2123@nittany.edu,CMPSC448,1,1,99
ds2123@nittany.edu,EE330,1,1,87
ds2211@nittany.edu,ECON201,2,1,95
ds2211@nittany.edu,STAT319,2,1,83
ds2211@nittany.edu,PHYS214,2,1,66
ds2224@nittany.edu,CMPSC461,2,1,71
ds2224@nittany.edu,EE211,1,1,100
ds2224@nittany.edu,PHYS212,2,1,89
ds2879@nittany.edu,CMPEN351,1,1,94
ds2879@nittany.edu,ECON102,2,1,76
ds2879@nittany.edu,CMPSC461,2,1,90
ds4127@nittany.edu,MATH230,2,1,80
ds4127@nittany.edu,CSE543,1,1,76
ds4127@nittany.edu,CMPEN441,2,1,68
ds5937@nittany.edu,CMPEN441,2,1,100
ds5937@nittany.edu,DS220,2,1,74
ds5937@nittany.edu,STAT319,2,1,98
ds7254@nittany.edu,STAT318,1,1,62
ds7254@nittany.edu,ECON102,2,1,61
ds7254@nittany.edu,EE353,1,1,78
ds7549@nittany.edu,PHYS214,2,1,95
ds7549@nittany.edu,CHEM112,1,1,63
ds7549@nittany.edu,CMPSC132,1,1,72
ds8193@nittany.edu,ECON101,2,1,81
ds8193@nittany.edu,STAT415,2,1,100
dt1653@nittany.edu,CMPSC360,1,1,93
dt1653@nittany.edu,EE353,2,1,90
dt1653@nittany.edu,CMPEN351,2,1,86
dt1755@nittany.edu,CMPSC221,1,1,71
dt1755@nittany.edu,CSE543,1,1,62
dt1755@nittany.edu,CMPSC461,1,1,100
du5385@nittany.edu,EE330,1,1,91
du5385@nittany.edu,CMPSC448,1,1,78
du5385@nittany.edu,CMPSC461,1,1,74
dw2632@nittany.edu,CHEM110,2,1,71
dw2632@nittany.edu,ECON101,2,1,60
dw2632@nittany.edu,CMPSC221,1,1,79
dw5475@nittany.edu,EE212,2,1,95
dw8054@nittany.edu,CMPEN331,2,1,86
dw8054@nittany.edu,CSE543,1,1,72
dw8693@nittany.edu,EE353,2,1,61
dw8693@nittany.edu,MATH140,1,1,65
dz1220@nittany.edu,EE210,1,1,60
dz1220@nittany.edu,STAT319,2,1,79
dz1220@nittany.edu,MATH140,1,1,73
ea7463@nittany.edu,EE320,2,1,77
ea7463@nittany.edu,ECON101,2,1,100
eb2377@nittany.edu,EE212,1,1,64
eb2377@nittany.edu,CMPEN431,1,1,97
eb2377@nittany.edu,CHEM111,2,1,86
eb3303@nittany.edu,CMPSC465,2,1,89
eb3303@nittany.edu,EE211,2,1,70
eb3303@nittany.edu,PHYS214,2,1,93
eb5700@nittany.edu,CMPSC311,1,1,87
eb5700@nittany.edu,CMPSC360,1,1,76
eb5700@nittany.edu,MATH141,1,1,61
eb7897@nittany.edu,STAT319,2,1,61
eb7897@nittany.edu,CSE543,2,1,80
eb7897@nittany.edu,CMPSC465,1,1,66
eb9389@nittany.edu,EE352,2,1,62
eb9389@nittany.edu,CMPSC448,2,1,75
eb9389@nittany.edu,EE211,1,1,93
eb9702@nittany.edu,EE212,1,1,98
eb9702@nittany.edu,EE311,2,1,100
eb9702@nittany.edu,STAT415,2,1,69
ed1041@nittany.edu,EE311,1,1,88
ed1041@nittany.edu,MATH231,2,1,60
ed7159@nittany.edu,DS220,2,1,98
ed7159@nittany.edu,ECON101,1,1,79
ed7159@nittany.edu,CMPEN331,1,1,87
ed8801@nittany.edu,EE353,2,1,65
ed8801@nittany.edu,EE330,2,1,95
ed8801@nittany.edu,CSE583,1,1,73
ee6932@nittany.edu,MATH230,2,1,66
ee6932@nittany.edu,CMPEN351,1,1,87
ee6932@nittany.edu,IST128,2,1,77
ef2211@nittany.edu,EE320,2,1,72
ef2211@nittany.edu,CMPEN351,1,1,70
eg5689@nittany.edu,STAT319,1,1,91
eg5689@nittany.edu,PHYS212,1,1,87
eg5689@nittany.edu,CMPSC461,1,1,63
eg7228@nittany.edu,ECON101,2,1,73
eg7228@nittany.edu,DS220,1,1,67
eg9777@nittany.edu,ECON201,1,1,82
eg9777@nittany.edu,CSE543,2,1,97
eg9777@nittany.edu,STAT319,2,1,66
eh3135@nittany.edu,MATH141,2,1,95
eh3135@nittany.edu,CMPEN331,2,1,76
eh3966@nittany.edu,STAT415,1,1,85
eh3966@nittany.edu,PHYS213,2,1,64
eh3966@nittany.edu,CMPEN270,1,1,100
eh6509@nittany.edu,ECON201,2,1,95
eh6509@nittany.edu,ECON102,2,1,100
eh6509@nittany.edu,CMPSC461,2,1,70
eh8403@nittany.edu,CMPEN270,2,1,75
eh8403@nittany.edu,CMPSC221,1,1,68
ej3628@nittany.edu,ECON102,1,1,98
ej3628@nittany.edu,EE352,1,1,68
ej3628@nittany.edu,CMPSC131,1,1,90
ej6093@nittany.edu,CMPSC131,1,1,91
ej6093@nittany.edu,MATH141,1,1,99
ej6416@nittany.edu,PHYS214,1,1,88
ej6416@nittany.edu,CMPEN351,2,1,99
ej6416@nittany.edu,CMPSC311,2,1,79
ej7700@nittany.edu,CMPSC311,1,1,71
ej7700@nittany.edu,CMPSC461,2,1,65
ek2555@nittany.edu,CMPSC221,2,1,91
ek2555@nittany.edu,PHYS211,1,1,97
ek2555@nittany.edu,STAT415,2,1,77
ek3642@nittany.edu,CMPEN441,1,1,66
ek3642@nittany.edu,EE210,2,1,73
ek3642@nittany.edu,ECON102,1,1,70
ek4881@nittany.edu,EE210,2,1,89
ek4881@nittany.edu,CHEM112,2,1,97
ek4881@nittany.edu,PHYS214,1,1,80
ek5867@nittany.edu,CSE543,1,1,98
ek5867@nittany.edu,MATH141,2,1,88
ek5867@nittany.edu,EE352,1,1,65
ek7386@nittany.edu,CHEM112,2,1,89
ek7386@nittany.edu,CMPSC465,2,1,71
ek7386@nittany.edu,CMPEN362,2,1,92
el2162@nittany.edu,CMPSC475,1,1,81
el2162@nittany.edu,PHYS214,1,1,63
el2162@nittany.edu,PHYS212,2,1,68
em2859@nittany.edu,PHYS213,1,1,81
em2859@nittany.edu,CMPSC360,2,1,63
em2859@nittany.edu,CMPEN431,1,1,99
em3990@nittany.edu,CMPSC131,2,1,98
em3990@nittany.edu,CHEM112,2,1,97
em6584@nittany.edu,EE330,2,1,61
em6584@nittany.edu,CHEM112,2,1,77
em6584@nittany.edu,EE320,1,1,69
em7352@nittany.edu,CMPEN362,1,1,90
em7352@nittany.edu,STAT318,1,1,70
em7352@nittany.edu,PHYS212,1,1,63
em9445@nittany.edu,CHEM112,1,1,74
em9445@nittany.edu,EE320,1,1,87
em9445@nittany.edu,STAT318,2,1,94
em9510@nittany.edu,PHYS212,1,1,90
em9510@nittany.edu,EE212,1,1,81
em9606@nittany.edu,CMPSC448,1,1,63
em9606@nittany.edu,CSE583,2,1,68
em9606@nittany.edu,MATH140,1,1,92
eo5933@nittany.edu,CHEM110,1,1,77
eo5933@nittany.edu,CMPEN411,2,1,84
eo5933@nittany.edu,STAT318,1,1,87
eo6418@nittany.edu,CMPSC132,1,1,89
eo6418@nittany.edu,EE211,2,1,68
eo6418@nittany.edu,CMPSC431W,1,1,90
eq3640@nittany.edu,IST110,2,1,73
eq3640@nittany.edu,CMPEN331,1,1,76
eq3640@nittany.edu,EE210,2,1,71
er2244@nittany.edu,CMPSC132,2,1,60
er2244@nittany.edu,IST110,1,1,82
er2244@nittany.edu,PHYS211,2,1,100
er2458@nittany.edu,CMPEN362,2,1,100
er2458@nittany.edu,ECON101,2,1,97
er2458@nittany.edu,CSE543,2,1,76
er2818@nittany.edu,EE353,1,1,86
er2818@nittany.edu,CMPEN362,2,1,99
er2818@nittany.edu,STAT319,2,1,91
er5239@nittany.edu,CMPSC311,1,1,60
er5239@nittany.edu,CMPEN362,2,1,77
er5239@nittany.edu,EE211,1,1,62
er6539@nittany.edu,CSE583,2,1,93
er6539@nittany.edu,IST128,2,1,79
er6539@nittany.edu,STAT415,1,1,71
er8341@nittany.edu,EE211,1,1,71
er8341@nittany.edu,MATH231,1,1,86
er9391@nittany.edu,EE352,2,1,66
er9391@nittany.edu,PHYS211,1,1,64
er9391@nittany.edu,CSE543,2,1,62
er9643@nittany.edu,CMPSC221,1,1,81
er9643@nittany.edu,PHYS211,1,1,97
er9643@nittany.edu,CMPSC448,2,1,99
es2273@nittany.edu,ECON201,1,1,62
es2273@nittany.edu,ECON102,2,1,83
es8944@nittany.edu,CMPSC475,1,1,76
es8944@nittany.edu,STAT318,1,1,76
es8944@nittany.edu,STAT319,1,1,72
es9891@nittany.edu,ECON102,1,1,64
es9891@nittany.edu,MATH231,1,1,68
es9891@nittany.edu,ECON201,2,1,69
eu6734@nittany.edu,ECON101,2,1,68
eu6734@nittany.edu,ECON102,2,1,75
eu6734@nittany.edu,CMPEN351,1,1,100
ev8921@nittany.edu,CMPEN441,2,1,64
ev8921@nittany.edu,MATH230,2,1,61
ew2185@nittany.edu,CMPEN270,1,1,68
ew2185@nittany.edu,ECON102,2,1,68
ew2185@nittany.edu,EE311,1,1,98
ew2287@nittany.edu,MATH231,1,1,100
ew2287@nittany.edu,CMPEN351,2,1,99
ew2287@nittany.edu,STAT318,1,1,89
ew3399@nittany.edu,EE320,1,1,92
ew3399@nittany.edu,EE210,2,1,71
ew3399@nittany.edu,MATH230,1,1,82
ew7279@nittany.edu,EE211,2,1,99
ew7279@nittany.edu,MATH230,2,1,70
ew7279@nittany.edu,CHEM111,1,1,74
ew8429@nittany.edu,MATH141,1,1,76
ew8429@nittany.edu,EE320,2,1,89
ew8925@nittany.edu,CMPSC465,1,1,100
ew8925@nittany.edu,STAT318,1,1,63
ew8925@nittany.edu,ECON101,2,1,62
ew9592@nittany.edu,EE211,2,1,60
ew9592@nittany.edu,CHEM111,1,1,68
fa1972@nittany.edu,CMPSC475,1,1,74
fa1972@nittany.edu,STAT415,2,1,75
fa1972@nittany.edu,CHEM111,2,1,86
fb4575@nittany.edu,PHYS213,1,1,100
fb4575@nittany.edu,CSE543,1,1,82
fb4575@nittany.edu,CMPSC431W,1,1,82
fb6120@nittany.edu,CMPEN351,2,1,75
fb6120@nittany.edu,CMPSC131,2,1,95
fb6120@nittany.edu,CMPSC461,1,1,69
fc5125@nittany.edu,ECON101,1,1,75
fc5125@nittany.edu,DS120,2,1,73
fe4839@nittany.edu,CMPEN351,1,1,67
fe4839@nittany.edu,CSE543,1,1,81
fe4839@nittany.edu,ECON201,2,1,90
ff4897@nittany.edu,CMPSC461,2,1,97
ff4897@nittany.edu,PHYS211,1,1,95
ff4897@nittany.edu,ECON101,1,1,72
fg4672@nittany.edu,MATH140,2,1,71
fg4672@nittany.edu,CHEM110,2,1,62
fg4672@nittany.edu,CHEM111,1,1,82
fh5083@nittany.edu,CMPSC311,1,1,98
fh5083@nittany.edu,CMPEN411,1,1,80
fh7189@nittany.edu,CMPSC132,2,1,81
fh7189@nittany.edu,CMPEN441,1,1,87
fh7189@nittany.edu,CMPSC131,1,1,85
fk3783@nittany.edu,EE352,1,1,65
fk3783@nittany.edu,CMPEN270,2,1,96
fk3783@nittany.edu,EE320,2,1,71
fk6517@nittany.edu,EE353,1,1,99
fk6517@nittany.edu,STAT415,1,1,97
fm5590@nittany.edu,CMPSC132,2,1,68
fm5590@nittany.edu,STAT415,2,1,99
fm5811@nittany.edu,EE330,2,1,83
fm5811@nittany.edu,STAT415,2,1,76
fo7818@nittany.edu,MATH231,1,1,91
fo7818@nittany.edu,CHEM111,1,1,87
fo7818@nittany.edu,EE210,2,1,100
fr1588@nittany.edu,EE330,1,1,66
fr1588@nittany.edu,CMPSC360,2,1,86
fr6216@nittany.edu,CSE543,1,1,70
fr6216@nittany.edu,DS120,1,1,100
fr6216@nittany.edu,CMPSC131,2,1,63
fr8166@nittany.edu,ECON102,2,1,95
fr8166@nittany.edu,CHEM110,2,1,68
fs1546@nittany.edu,CMPSC475,2,1,84
fs1546@nittany.edu,PHYS213,2,1,97
fs1546@nittany.edu,CMPEN270,1,1,65
fs3719@nittany.edu,CMPEN431,1,1,81
fs3719@nittany.edu,CMPEN270,1,1,91
fs3719@nittany.edu,CMPEN411,1,1,92
ft1093@nittany.edu,CMPSC465,1,1,88
ft1093@nittany.edu,MATH141,1,1,75
ft1093@nittany.edu,CMPSC448,2,1,85
fw1745@nittany.edu,CMPSC461,2,1,82
fw1745@nittany.edu,CHEM111,1,1,62
fw1745@nittany.edu,MATH231,1,1,68
fw2120@nittany.edu,CMPSC360,2,1,83
fw2120@nittany.edu,EE212,2,1,94
fw9529@nittany.edu,PHYS214,1,1,83
fw9529@nittany.edu,ECON101,2,1,76
fw9529@nittany.edu,CMPSC360,1,1,79
gb6345@nittany.edu,CMPSC360,1,1,67
gb6345@nittany.edu,EE330,2,1,98
gb6345@nittany.edu,CMPSC448,2,1,77
gb8971@nittany.edu,MATH141,1,1,99
gb8971@nittany.edu,CMPSC448,2,1,82
gb9073@nittany.edu,ECON102,2,1,96
gb9073@nittany.edu,MATH230,1,1,86
gb9073@nittany.edu,CMPSC221,1,1,81
gb9628@nittany.edu,CMPEN331,2,1,71
gb9628@nittany.edu,CMPSC465,1,1,68
gb9628@nittany.edu,IST110,1,1,80
gc5107@nittany.edu,CSE583,2,1,92
gc5107@nittany.edu,CMPSC465,2,1,67
gc5107@nittany.edu,PHYS212,2,1,65
gc5114@nittany.edu,CMPSC131,1,1,69
gc5114@nittany.edu,EE311,2,1,71
gc5114@nittany.edu,CMPSC360,1,1,88
gd1891@nittany.edu,CMPSC221,2,1,68
gd1891@nittany.edu,CMPSC475,2,1,61
gd1891@nittany.edu,EE320,2,1,60
gd4593@nittany.edu,CMPSC132,1,1,67
gd4593@nittany.edu,CMPSC221,1,1,79
gd6812@nittany.edu,EE330,2,1,63
gd6812@nittany.edu,EE352,2,1,63
gd6812@nittany.edu,STAT415,1,1,96
gh1031@nittany.edu,MATH140,1,1,94
gh1031@nittany.edu,CMPSC311,2,1,64
gh1031@nittany.edu,CMPSC461,2,1,68
gh1212@nittany.edu,CSE583,2,1,78
gh1212@nittany.edu,CMPSC221,2,1,92
gh1212@nittany.edu,STAT415,2,1,88
gh2561@nittany.edu,CMPSC131,2,1,77
gh2561@nittany.edu,CMPSC221,2,1,100
gh2561@nittany.edu,PHYS213,2,1,68
gh4919@nittany.edu,PHYS212,1,1,86
gh4919@nittany.edu,EE210,2,1,89
gh4919@nittany.edu,PHYS214,1,1,62
gj1336@nittany.edu,EE210,2,1,99
gj1336@nittany.edu,ECON102,1,1,72
gj5319@nittany.edu,EE352,2,1,71
gj5319@nittany.edu,ECON101,2,1,73
gj5319@nittany.edu,CHEM111,1,1,88
gj7421@nittany.edu,PHYS211,2,1,65
gj7421@nittany.edu,CMPEN331,2,1,93
gj7421@nittany.edu,CHEM110,2,1,81
gk3247@nittany.edu,ECON101,1,1,91
gk3247@nittany.edu,CMPSC221,1,1,70
gk9861@nittany.edu,PHYS213,2,1,63
gk9861@nittany.edu,CHEM110,2,1,81
gk9861@nittany.edu,STAT318,1,1,87
gl1181@nittany.edu,PHYS212,2,1,83
gl1181@nittany.edu,MATH141,1,1,91
gl1897@nittany.edu,MATH140,1,1,99
gl1897@nittany.edu,CMPSC221,2,1,97
gl1897@nittany.edu,CMPSC448,2,1,99
gl5131@nittany.edu,EE330,2,1,89
gl5131@nittany.edu,STAT318,2,1,84
gl5131@nittany.edu,CMPEN270,2,1,79
gl5818@nittany.edu,DS220,1,1,71
gl5818@nittany.edu,MATH140,1,1,66
gl5818@nittany.edu,EE210,2,1,85
gp3361@nittany.edu,CSE583,1,1,76
gp3361@nittany.edu,CSE543,2,1,74
gp3361@nittany.edu,CMPSC475,1,1,65
gp4162@nittany.edu,CMPEN411,2,1,75
gp4162@nittany.edu,CMPSC448,1,1,65
gp4162@nittany.edu,EE311,2,1,75
gp6880@nittany.edu,PHYS213,2,1,100
gp6880@nittany.edu,CMPSC448,1,1,79
gp6880@nittany.edu,CMPEN431,2,1,90
gr1809@nittany.edu,CMPSC475,2,1,82
gr1809@nittany.edu,EE353,2,1,87
gr1809@nittany.edu,IST128,2,1,75
gr3326@nittany.edu,EE210,1,1,99
gr3326@nittany.edu,MATH231,1,1,99
gr3326@nittany.edu,CMPEN441,1,1,61
gr4392@nittany.edu,PHYS211,2,1,90
gr4392@nittany.edu,CMPEN441,1,1,62
gr4392@nittany.edu,EE330,1,1,76
gr4591@nittany.edu,CMPSC360,2,1,76
gr4591@nittany.edu,EE311,2,1,90
gr4591@nittany.edu,EE211,1,1,61
gr5445@nittany.edu,CMPSC360,1,1,85
gr5445@nittany.edu,CMPEN441,1,1,99
gs2617@nittany.edu,IST128,2,1,91
gs2617@nittany.edu,CMPSC465,1,1,99
gs3266@nittany.edu,IST110,1,1,68
gs3266@nittany.edu,CMPEN441,1,1,89
gs5261@nittany.edu,DS120,2,1,82
gs5261@nittany.edu,ECON101,1,1,90
gs6695@nittany.edu,MATH230,1,1,79
gs6695@nittany.edu,EE352,1,1,86
gs6695@nittany.edu,MATH140,1,1,97
gt3176@nittany.edu,CMPEN441,1,1,74
gt3176@nittany.edu,IST128,2,1,73
gt3176@nittany.edu,ECON201,2,1,93
gw5806@nittany.edu,EE320,1,1,84
gw5806@nittany.edu,PHYS214,2,1,66
gw5806@nittany.edu,EE352,1,1,89
hb4427@nittany.edu,CMPSC465,2,1,94
hb4427@nittany.edu,CSE583,2,1,87
hb4427@nittany.edu,CMPEN351,2,1,98
hb6400@nittany.edu,CMPSC131,2,1,86
hb6400@nittany.edu,ECON101,1,1,93
hb6400@nittany.edu,EE330,1,1,60
hb7496@nittany.edu,EE311,2,1,81
hb7496@nittany.edu,EE211,2,1,100
hb7496@nittany.edu,MATH140,1,1,92
hc6195@nittany.edu,CMPEN270,2,1,88
hc9512@nittany.edu,CMPEN362,1,1,96
hc9512@nittany.edu,DS120,2,1,91
hc9512@nittany.edu,CMPSC132,2,1,75
hd3109@nittany.edu,EE311,1,1,91
hd3109@nittany.edu,EE330,1,1,80
hd3109@nittany.edu,CMPSC221,2,1,99
hh1524@nittany.edu,DS220,1,1,85
hh1524@nittany.edu,CMPEN270,1,1,100
hh1524@nittany.edu,CMPEN431,1,1,90
hh1856@nittany.edu,STAT319,2,1,92
hh1856@nittany.edu,CSE583,2,1,69
hh1856@nittany.edu,CMPSC311,1,1,87
hh4615@nittany.edu,MATH231,2,1,96
hh4615@nittany.edu,CSE583,1,1,93
hh4615@nittany.edu,PHYS213,2,1,77
hh9927@nittany.edu,PHYS214,2,1,72
hh9927@nittany.edu,EE210,2,1,88
hh9927@nittany.edu,DS220,2,1,87
hk5972@nittany.edu,CMPEN351,1,1,93
hk5972@nittany.edu,PHYS211,2,1,77
hk5972@nittany.edu,CMPEN411,1,1,76
hl4356@nittany.edu,MATH140,2,1,91
hl4356@nittany.edu,CHEM110,2,1,87
hl4356@nittany.edu,CMPSC131,2,1,62
hm5525@nittany.edu,CMPSC360,1,1,74
hm5525@nittany.edu,EE212,1,1,85
hm5525@nittany.edu,CMPSC475,1,1,95
hm8630@nittany.edu,CMPEN441,2,1,62
hm8630@nittany.edu,CMPSC448,2,1,72
hm8630@nittany.edu,ECON101,2,1,98
hm9327@nittany.edu,PHYS214,1,1,100
hm9327@nittany.edu,EE330,1,1,64
hm9327@nittany.edu,CMPEN431,1,1,88
hq7130@nittany.edu,PHYS214,1,1,97
hq7130@nittany.edu,CMPEN431,1,1,94
hq7130@nittany.edu,ECON201,2,1,82
hr2868@nittany.edu,PHYS211,2,1,74
hr2868@nittany.edu,EE330,1,1,74
hr2868@nittany.edu,CMPEN331,1,1,63
hs1177@nittany.edu,CMPEN270,1,1,67
hs1177@nittany.edu,CHEM110,1,1,74
hs1177@nittany.edu,EE211,1,1,61
hs3254@nittany.edu,MATH230,1,1,78
hs3254@nittany.edu,CMPSC461,2,1,88
hs3254@nittany.edu,STAT318,1,1,84
hs3812@nittany.edu,IST110,2,1,95
hs3812@nittany.edu,EE320,2,1,91
hs3812@nittany.edu,CHEM112,2,1,75
hs6780@nittany.edu,CMPEN431,2,1,97
hs6780@nittany.edu,CMPSC448,1,1,70
hs6780@nittany.edu,CSE583,2,1,85
hw8828@nittany.edu,CMPSC431W,2,1,87
hw8828@nittany.edu,DS220,1,1,60
hw8828@nittany.edu,CMPSC461,2,1,60
ib2806@nittany.edu,EE320,1,1,85
ib2806@nittany.edu,STAT318,1,1,75
ib2806@nittany.edu,ECON101,2,1,78
ib8603@nittany.edu,CMPSC461,2,1,84
ib8603@nittany.edu,DS120,2,1,94
ib8603@nittany.edu,CMPEN411,2,1,92
ib9263@nittany.edu,EE210,2,1,78
ib9263@nittany.edu,CSE543,2,1,87
ie2276@nittany.edu,CMPEN431,2,1,77
ie2276@nittany.edu,CMPSC461,1,1,60
ie2276@nittany.edu,PHYS214,2,1,71
ih5431@nittany.edu,CMPSC431W,1,1,97
ih5431@nittany.edu,CMPSC475,1,1,76
ih9335@nittany.edu,CMPEN331,2,1,100
ih9335@nittany.edu,CMPEN362,1,1,73
ih9335@nittany.edu,PHYS213,1,1,83
ik6824@nittany.edu,CSE583,2,1,72
ik6824@nittany.edu,PHYS213,2,1,86
ik6824@nittany.edu,CMPEN351,2,1,69
il3541@nittany.edu,PHYS211,1,1,93
il3541@nittany.edu,EE352,2,1,79
il3541@nittany.edu,CMPEN270,2,1,73
il8896@nittany.edu,EE212,1,1,90
il8896@nittany.edu,ECON101,2,1,81
im1645@nittany.edu,CMPSC475,2,1,72
im1645@nittany.edu,MATH230,2,1,99
in2805@nittany.edu,EE212,2,1,69
in2805@nittany.edu,EE320,2,1,69
in2805@nittany.edu,STAT415,1,1,74
ir2135@nittany.edu,PHYS211,1,1,63
ir2135@nittany.edu,EE311,1,1,98
ir2135@nittany.edu,ECON201,2,1,97
is6689@nittany.edu,EE352,1,1,61
is6689@nittany.edu,STAT415,1,1,96
is6689@nittany.edu,ECON201,1,1,77
iv6531@nittany.edu,CMPEN362,1,1,83
iv6531@nittany.edu,CSE583,2,1,75
iv6531@nittany.edu,CMPSC465,1,1,62
iw4518@nittany.edu,CMPSC431W,2,1,89
iw4518@nittany.edu,EE211,1,1,84
iw4518@nittany.edu,DS220,2,1,89
ja2479@nittany.edu,EE212,2,1,91
ja2479@nittany.edu,IST110,1,1,71
ja2479@nittany.edu,EE352,2,1,61
jb5052@nittany.edu,MATH230,2,1,94
jb5052@nittany.edu,CMPSC360,1,1,99
jb9306@nittany.edu,CHEM112,2,1,82
jb9306@nittany.edu,CMPSC311,1,1,69
jb9306@nittany.edu,EE212,1,1,60
jb9557@nittany.edu,CHEM111,1,1,92
jb9557@nittany.edu,MATH231,1,1,94
jc1462@nittany.edu,CMPSC431W,2,1,83
jc1462@nittany.edu,STAT318,1,1,63
jc1462@nittany.edu,PHYS211,2,1,98
jc2471@nittany.edu,CMPSC221,2,1,74
jc2471@nittany.edu,CMPSC132,2,1,68
jc2471@nittany.edu,EE352,2,1,62
jc4011@nittany.edu,ECON101,1,1,87
jc4011@nittany.edu,CMPEN331,1,1,65
jc4011@nittany.edu,CMPSC132,1,1,71
jc5818@nittany.edu,PHYS211,1,1,68
jc5818@nittany.edu,CMPSC465,2,1,100
jc9373@nittany.edu,PHYS211,1,1,93
jc9373@nittany.edu,CMPEN270,2,1,67
jc9373@nittany.edu,CHEM110,1,1,93
jd3188@nittany.edu,PHYS214,2,1,96
jd3188@nittany.edu,CMPSC431W,1,1,67
jd3188@nittany.edu,PHYS212,1,1,91
jd5592@nittany.edu,CMPSC360,2,1,72
jd5592@nittany.edu,CMPSC448,1,1,79
jd5592@nittany.edu,EE320,2,1,79
jd5932@nittany.edu,CMPSC311,1,1,72
jd5932@nittany.edu,CHEM111,1,1,78
jd5932@nittany.edu,CHEM112,1,1,74
jf5072@nittany.edu,EE311,1,1,82
jf5072@nittany.edu,STAT318,1,1,80
jf9661@nittany.edu,MATH141,2,1,70
jf9661@nittany.edu,EE210,2,1,84
jg1721@nittany.edu,CMPEN411,2,1,64
jg1721@nittany.edu,CMPEN351,1,1,64
jg1721@nittany.edu,STAT319,1,1,60
jg5906@nittany.edu,MATH141,1,1,75
jg5906@nittany.edu,CMPEN431,2,1,97
jg5906@nittany.edu,CMPEN270,1,1,75
jg7835@nittany.edu,MATH141,2,1,100
jg7835@nittany.edu,PHYS212,1,1,67
jh1737@nittany.edu,STAT319,2,1,87
jh1737@nittany.edu,MATH231,1,1,79
jh1737@nittany.edu,DS120,2,1,94
jh1874@nittany.edu,EE210,2,1,77
jh1874@nittany.edu,CSE583,1,1,66
jh1874@nittany.edu,CMPSC448,1,1,72
jh2181@nittany.edu,MATH231,1,1,87
jh2181@nittany.edu,MATH140,2,1,78
jh2885@nittany.edu,EE352,2,1,99
jh2885@nittany.edu,CMPSC131,1,1,88
jh2885@nittany.edu,EE330,2,1,70
jh3004@nittany.edu,CHEM112,1,1,66
jh3004@nittany.edu,CMPSC311,1,1,99
jh3004@nittany.edu,PHYS211,1,1,93
jh3336@nittany.edu,CMPEN362,1,1,89
jh3336@nittany.edu,EE211,1,1,97
jh3336@nittany.edu,MATH141,2,1,78
jh3919@nittany.edu,PHYS214,1,1,66
jh3919@nittany.edu,EE211,1,1,85
jh7997@nittany.edu,CHEM111,2,1,97
jh7997@nittany.edu,PHYS214,1,1,88
jh7997@nittany.edu,DS120,2,1,87
jh9891@nittany.edu,EE212,1,1,90
jh9891@nittany.edu,CSE583,1,1,71
jh9891@nittany.edu,PHYS214,2,1,79
jj6204@nittany.edu,CHEM111,1,1,78
jk1331@nittany.edu,EE353,1,1,89
jk1331@nittany.edu,MATH230,1,1,74
jk1331@nittany.edu,EE211,1,1,63
jk4027@nittany.edu,DS120,1,1,72
jk4027@nittany.edu,DS220,2,1,91
jk4027@nittany.edu,CMPSC221,1,1,89
jk4116@nittany.edu,CHEM110,1,1,75
jk4116@nittany.edu,CMPSC131,1,1,83
jk4116@nittany.edu,ECON102,2,1,74
jk4403@nittany.edu,DS220,2,1,92
jk4403@nittany.edu,EE352,1,1,99
jk4409@nittany.edu,EE353,1,1,91
jk4409@nittany.edu,CMPEN441,1,1,82
jk4409@nittany.edu,CHEM111,2,1,69
jk4828@nittany.edu,CMPEN431,1,1,92
jk4828@nittany.edu,CMPEN362,2,1,70
jk4828@nittany.edu,CMPEN270,2,1,67
jk5021@nittany.edu,CMPSC465,1,1,93
jk5021@nittany.edu,CMPSC360,1,1,69
jk5021@nittany.edu,CMPEN270,1,1,68
jk5833@nittany.edu,CMPEN362,2,1,61
jk5833@nittany.edu,PHYS213,1,1,92
jk5833@nittany.edu,ECON102,1,1,93
jk9270@nittany.edu,CSE583,1,1,99
jk9270@nittany.edu,MATH141,1,1,90
jk9270@nittany.edu,STAT415,1,1,71
jl3236@nittany.edu,ECON101,2,1,83
jl3236@nittany.edu,CMPSC360,2,1,70
jl3236@nittany.edu,PHYS213,2,1,90
jl5459@nittany.edu,CMPEN362,2,1,76
jl5459@nittany.edu,EE352,2,1,66
jl5459@nittany.edu,CMPEN270,1,1,66
jl6447@nittany.edu,ECON102,2,1,87
jl6447@nittany.edu,DS120,1,1,64
jl8774@nittany.edu,CMPEN351,1,1,66
jl8774@nittany.edu,CSE583,2,1,80
jl8774@nittany.edu,CMPEN331,1,1,69
jl9851@nittany.edu,CMPEN270,1,1,64
jl9851@nittany.edu,EE211,1,1,80
jm2995@nittany.edu,CHEM111,2,1,65
jm2995@nittany.edu,ECON102,2,1,60
jm3669@nittany.edu,ECON201,2,1,66
jm3669@nittany.edu,ECON102,2,1,70
jm3669@nittany.edu,CHEM111,2,1,63
jm6846@nittany.edu,MATH230,2,1,83
jm6846@nittany.edu,CMPSC132,2,1,85
jm6846@nittany.edu,ECON102,1,1,73
jm7044@nittany.edu,MATH231,1,1,89
jm7044@nittany.edu,PHYS211,2,1,97
jm7206@nittany.edu,CMPEN270,2,1,93
jn3590@nittany.edu,MATH141,1,1,94
jn3590@nittany.edu,CMPSC475,1,1,63
jn3590@nittany.edu,EE352,2,1,69
jo5683@nittany.edu,STAT319,1,1,74
jo5683@nittany.edu,IST128,2,1,73
jo5683@nittany.edu,CMPSC360,1,1,98
jo7172@nittany.edu,CMPEN331,2,1,72
jo7172@nittany.edu,CMPEN362,1,1,67
jo7172@nittany.edu,EE320,2,1,64
jp2632@nittany.edu,ECON101,1,1,92
jp2632@nittany.edu,EE353,2,1,96
jp2632@nittany.edu,CHEM110,2,1,63
jp5962@nittany.edu,ECON102,2,1,69
jp5962@nittany.edu,DS220,2,1,94
jp5962@nittany.edu,DS120,1,1,84
jp6334@nittany.edu,ECON101,1,1,90
jp6334@nittany.edu,EE311,2,1,85
jp6334@nittany.edu,MATH140,1,1,73
jr1301@nittany.edu,CHEM111,1,1,71
jr1301@nittany.edu,PHYS211,2,1,89
jr1301@nittany.edu,EE311,1,1,70
jr3224@nittany.edu,EE330,1,1,73
jr3224@nittany.edu,ECON101,1,1,64
jr3224@nittany.edu,STAT318,1,1,80
jr8665@nittany.edu,CMPSC131,2,1,75
jr8665@nittany.edu,CHEM112,2,1,87
jr8895@nittany.edu,CMPEN411,2,1,70
jr8895@nittany.edu,CMPSC131,1,1,74
js1332@nittany.edu,MATH231,1,1,89
js1332@nittany.edu,STAT318,2,1,80
js1332@nittany.edu,PHYS212,2,1,62
js3229@nittany.edu,CMPEN331,2,1,72
js3229@nittany.edu,MATH140,2,1,67
js3229@nittany.edu,EE352,1,1,76
js3927@nittany.edu,CSE543,2,1,74
js3927@nittany.edu,IST128,1,1,78
js3927@nittany.edu,DS220,2,1,86
js4888@nittany.edu,STAT415,2,1,91
js4888@nittany.edu,EE353,2,1,63
js4888@nittany.edu,EE210,1,1,98
js6308@nittany.edu,CMPSC221,2,1,91
js6308@nittany.edu,CMPEN331,2,1,96
js6308@nittany.edu,CMPSC131,2,1,68
js7099@nittany.edu,CMPSC132,2,1,89
js7099@nittany.edu,CMPEN362,1,1,64
js7099@nittany.edu,CMPEN331,1,1,90
js8078@nittany.edu,CMPSC475,2,1,76
js8078@nittany.edu,DS120,1,1,69
js8078@nittany.edu,CMPEN431,1,1,72
js8165@nittany.edu,EE352,1,1,88
js8165@nittany.edu,STAT318,1,1,96
js8165@nittany.edu,EE330,2,1,100
jt5287@nittany.edu,CMPSC221,2,1,69
jt5287@nittany.edu,CMPEN431,2,1,81
jt5287@nittany.edu,CSE543,2,1,78
jw3297@nittany.edu,PHYS213,1,1,66
jw3297@nittany.edu,STAT415,2,1,73
jw3861@nittany.edu,CMPSC465,1,1,65
jw3861@nittany.edu,CHEM112,1,1,73
jw3861@nittany.edu,CMPEN431,1,1,68
jw4897@nittany.edu,EE311,1,1,69
jw4897@nittany.edu,EE330,2,1,75
jw4897@nittany.edu,STAT318,1,1,83
jw6319@nittany.edu,CMPSC431W,1,1,74
jw6319@nittany.edu,CMPSC475,2,1,81
jw6319@nittany.edu,CMPSC360,2,1,93
jw9436@nittany.edu,STAT415,2,1,71
jw9436@nittany.edu,MATH140,2,1,95
jw9436@nittany.edu,EE330,1,1,79
jz5577@nittany.edu,CMPSC475,1,1,90
jz5577@nittany.edu,CMPSC431W,1,1,63
jz5577@nittany.edu,ECON201,1,1,96
jz6925@nittany.edu,CMPEN411,2,1,65
jz6925@nittany.edu,CMPSC461,2,1,97
ka1472@nittany.edu,CMPSC475,2,1,81
ka1472@nittany.edu,MATH231,1,1,81
ka1472@nittany.edu,EE211,2,1,99
ka6770@nittany.edu,EE352,2,1,71
ka6770@nittany.edu,DS120,2,1,64
ka6770@nittany.edu,CHEM111,2,1,64
kb3574@nittany.edu,MATH230,1,1,64
kb3574@nittany.edu,CMPSC448,1,1,80
kb3574@nittany.edu,CSE583,2,1,86
kb6941@nittany.edu,CMPEN331,1,1,81
kb6941@nittany.edu,MATH141,1,1,74
kb6941@nittany.edu,PHYS214,2,1,71
kb8171@nittany.edu,IST110,2,1,71
kb8171@nittany.edu,CMPSC132,2,1,98
kb8171@nittany.edu,CMPSC475,2,1,96
kb9285@nittany.edu,DS120,2,1,90
kb9285@nittany.edu,EE212,1,1,60
kc1302@nittany.edu,DS120,2,1,71
kc1302@nittany.edu,CMPEN441,2,1,100
kc1302@nittany.edu,ECON101,2,1,88
kc4364@nittany.edu,EE211,1,1,64
kc4364@nittany.edu,CMPSC311,1,1,68
kc4364@nittany.edu,EE330,1,1,93
kd4323@nittany.edu,CMPSC475,2,1,65
kd4323@nittany.edu,CMPSC132,1,1,69
kd4323@nittany.edu,DS120,1,1,75
kf5693@nittany.edu,IST128,1,1,88
kf5693@nittany.edu,CSE543,1,1,78
kf5693@nittany.edu,ECON102,2,1,100
kf8268@nittany.edu,CMPEN362,2,1,89
kf8268@nittany.edu,CMPEN331,1,1,90
kf8268@nittany.edu,PHYS211,1,1,70
kf8921@nittany.edu,IST128,2,1,78
kf8921@nittany.edu,STAT319,2,1,98
kg2618@nittany.edu,EE352,2,1,68
kg2618@nittany.edu,IST128,1,1,88
kg2618@nittany.edu,ECON101,1,1,82
kh1154@nittany.edu,ECON101,2,1,71
kh1154@nittany.edu,MATH230,2,1,83
kh1154@nittany.edu,EE212,2,1,65
kh1826@nittany.edu,PHYS214,1,1,75
kh1826@nittany.edu,EE210,1,1,96
kh1826@nittany.edu,MATH140,1,1,83
kh5883@nittany.edu,CSE543,2,1,67
kh5883@nittany.edu,PHYS212,1,1,78
kh5883@nittany.edu,CMPSC132,2,1,92
kh5965@nittany.edu,DS220,1,1,91
kh5965@nittany.edu,CMPSC475,2,1,90
kh5965@nittany.edu,CSE583,2,1,92
kk1267@nittany.edu,EE320,1,1,83
kk1267@nittany.edu,EE353,1,1,72
kk1267@nittany.edu,PHYS212,1,1,67
kk2666@nittany.edu,MATH231,2,1,82
kk2666@nittany.edu,CSE583,2,1,60
kk3115@nittany.edu,CHEM110,1,1,88
kk3115@nittany.edu,CMPEN331,1,1,60
kk3115@nittany.edu,EE211,1,1,88
kk3742@nittany.edu,MATH141,2,1,95
kk3742@nittany.edu,STAT318,1,1,91
kk3742@nittany.edu,EE211,1,1,92
kk5103@nittany.edu,CMPEN411,2,1,94
kk5103@nittany.edu,STAT319,2,1,75
kk5103@nittany.edu,CMPSC360,2,1,71
kl1348@nittany.edu,STAT319,1,1,79
kl1348@nittany.edu,CMPSC461,1,1,72
kl9753@nittany.edu,CHEM110,2,1,80
kl9753@nittany.edu,STAT318,1,1,66
kl9753@nittany.edu,EE211,1,1,75
km3504@nittany.edu,CHEM110,1,1,95
km3504@nittany.edu,CMPSC431W,1,1,89
km3504@nittany.edu,EE212,1,1,90
km6173@nittany.edu,DS120,2,1,75
km6173@nittany.edu,CSE583,2,1,88
km6173@nittany.edu,CMPEN431,2,1,87
km6416@nittany.edu,ECON101,2,1,97
km6416@nittany.edu,PHYS211,1,1,97
km6416@nittany.edu,CMPSC311,1,1,63
km6627@nittany.edu,CMPSC461,1,1,83
km6627@nittany.edu,CSE583,1,1,85
km6627@nittany.edu,CHEM112,1,1,85
kn1468@nittany.edu,ECON201,2,1,92
kn1468@nittany.edu,CMPEN441,1,1,88
kn1468@nittany.edu,EE353,1,1,61
ko8881@nittany.edu,CHEM110,1,1,88
ko8881@nittany.edu,CMPSC360,2,1,80
ko8881@nittany.edu,CMPEN431,2,1,78
ko8925@nittany.edu,PHYS213,2,1,63
ko8925@nittany.edu,CMPSC360,2,1,64
ko8925@nittany.edu,CSE583,2,1,76
kp5214@nittany.edu,STAT415,2,1,66
kp5214@nittany.edu,EE330,2,1,87
kp5214@nittany.edu,MATH141,1,1,93
kq6968@nittany.edu,MATH231,1,1,86
kq6968@nittany.edu,STAT415,2,1,66
kq6968@nittany.edu,CMPEN441,2,1,84
kr4923@nittany.edu,EE211,2,1,74
kr4923@nittany.edu,STAT318,2,1,82
kr4923@nittany.edu,EE352,1,1,86
kr6619@nittany.edu,STAT318,2,1,66
kr6619@nittany.edu,IST110,1,1,68
kr6619@nittany.edu,STAT319,1,1,78
kr9918@nittany.edu,CHEM112,1,1,87
kr9918@nittany.edu,EE212,2,1,68
kr9949@nittany.edu,MATH231,2,1,80
kr9949@nittany.edu,CMPEN441,1,1,93
kr9949@nittany.edu,EE352,1,1,75
ks1880@nittany.edu,ECON101,1,1,78
ks1880@nittany.edu,STAT415,1,1,81
ks1880@nittany.edu,CMPSC448,1,1,84
ks1926@nittany.edu,CMPSC311,2,1,74
ks1926@nittany.edu,CMPSC131,1,1,94
ks1926@nittany.edu,DS220,2,1,68
ks3998@nittany.edu,CMPEN362,1,1,62
ks3998@nittany.edu,ECON102,2,1,69
ks3998@nittany.edu,PHYS211,2,1,64
kt2050@nittany.edu,EE352,1,1,77
kt2050@nittany.edu,CMPEN270,1,1,85
kt2050@nittany.edu,CSE583,1,1,94
kt2960@nittany.edu,ECON102,1,1,64
kt2960@nittany.edu,EE353,1,1,76
kt2960@nittany.edu,EE210,1,1,98
kt5956@nittany.edu,CMPSC475,1,1,96
kt5956@nittany.edu,PHYS214,1,1,70
kw1043@nittany.edu,CMPEN411,2,1,69
kw1043@nittany.edu,CSE543,1,1,92
kw1043@nittany.edu,CSE583,2,1,100
kw1386@nittany.edu,CMPSC311,2,1,75
kw1386@nittany.edu,EE330,1,1,84
kz9097@nittany.edu,IST110,2,1,81
kz9097@nittany.edu,CMPSC131,2,1,73
kz9097@nittany.edu,EE211,2,1,83
la7071@nittany.edu,DS220,2,1,74
la7071@nittany.edu,STAT318,1,1,75
la7071@nittany.edu,PHYS212,2,1,60
la9924@nittany.edu,EE320,2,1,96
la9924@nittany.edu,DS120,2,1,80
lb1184@nittany.edu,STAT319,1,1,81
lb1184@nittany.edu,CMPEN362,1,1,90
lb6520@nittany.edu,EE330,1,1,69
lb6520@nittany.edu,EE210,2,1,73
lb6520@nittany.edu,MATH141,2,1,75
lb8326@nittany.edu,CMPEN441,1,1,66
lb8326@nittany.edu,CSE583,1,1,83
lb8326@nittany.edu,EE352,2,1,70
lb9630@nittany.edu,DS120,2,1,60
lb9630@nittany.edu,CSE543,1,1,100
lb9630@nittany.edu,CMPSC311,2,1,98
lc4994@nittany.edu,EE320,2,1,65
lc4994@nittany.edu,EE210,2,1,97
lc4994@nittany.edu,CSE543,1,1,85
lc9556@nittany.edu,CMPSC131,2,1,63
lc9556@nittany.edu,CMPSC475,1,1,61
ld4137@nittany.edu,CMPSC431W,2,1,87
ld4137@nittany.edu,CMPEN362,1,1,73
ld4137@nittany.edu,IST110,1,1,82
ld6540@nittany.edu,MATH231,2,1,95
ld6540@nittany.edu,CSE543,1,1,100
ld6778@nittany.edu,EE330,1,1,60
ld6778@nittany.edu,CMPSC131,1,1,89
ld6778@nittany.edu,ECON102,2,1,78
ld8065@nittany.edu,CMPEN270,1,1,99
ld8065@nittany.edu,IST128,2,1,87
ld8065@nittany.edu,CMPSC131,2,1,99
ld8122@nittany.edu,IST110,2,1,91
ld8122@nittany.edu,CMPSC475,1,1,67
ld8122@nittany.edu,MATH231,2,1,99
ld9084@nittany.edu,CHEM112,2,1,76
ld9084@nittany.edu,CMPSC132,1,1,68
lf4727@nittany.edu,CHEM112,2,1,91
lf4727@nittany.edu,CMPEN331,1,1,75
lf4727@nittany.edu,CHEM111,1,1,61
lg1828@nittany.edu,CHEM110,2,1,98
lg1828@nittany.edu,MATH230,2,1,66
lg1828@nittany.edu,MATH231,2,1,65
lg2530@nittany.edu,CSE543,2,1,94
lg2530@nittany.edu,STAT319,1,1,67
lg2530@nittany.edu,CMPEN441,2,1,89
lg4120@nittany.edu,CMPSC131,1,1,61
lg4120@nittany.edu,CMPSC465,2,1,65
lg4120@nittany.edu,MATH230,2,1,99
lg7099@nittany.edu,CSE583,1,1,98
lg7099@nittany.edu,EE210,2,1,94
lg7099@nittany.edu,CHEM111,2,1,92
lh1031@nittany.edu,CMPSC132,1,1,89
lh1031@nittany.edu,CMPSC131,1,1,75
lh1031@nittany.edu,CSE583,1,1,82
lh3004@nittany.edu,STAT415,2,1,97
lh3004@nittany.edu,CMPSC431W,2,1,100
lh3004@nittany.edu,IST128,1,1,67
lh5555@nittany.edu,ECON102,1,1,74
lh5555@nittany.edu,CMPSC448,1,1,94
lh5555@nittany.edu,MATH140,2,1,93
lh6961@nittany.edu,STAT415,2,1,74
lh6961@nittany.edu,EE212,1,1,72
lh6961@nittany.edu,PHYS214,1,1,68
lh7173@nittany.edu,CMPSC448,1,1,85
lh7173@nittany.edu,STAT318,1,1,92
lh7173@nittany.edu,CHEM110,1,1,93
lh7203@nittany.edu,CMPEN431,1,1,83
lh7203@nittany.edu,PHYS214,2,1,66
lh7203@nittany.edu,MATH141,2,1,89
lh8743@nittany.edu,EE211,2,1,93
lh8743@nittany.edu,CMPSC475,1,1,87
lh8743@nittany.edu,EE353,1,1,63
lj2224@nittany.edu,DS220,2,1,91
lj2224@nittany.edu,CMPEN431,2,1,64
lj2224@nittany.edu,MATH141,2,1,73
lj2993@nittany.edu,MATH140,2,1,75
lj2993@nittany.edu,CHEM112,1,1,97
lj2993@nittany.edu,STAT318,2,1,77
lj7790@nittany.edu,MATH140,2,1,97
lj7790@nittany.edu,EE211,2,1,76
lj7790@nittany.edu,CSE543,2,1,99
lk1182@nittany.edu,EE210,1,1,82
lk1182@nittany.edu,STAT319,2,1,86
lk7361@nittany.edu,MATH140,2,1,65
lk7361@nittany.edu,EE353,1,1,77
lk7361@nittany.edu,MATH141,1,1,90
ll2646@nittany.edu,CMPSC132,1,1,98
ll2646@nittany.edu,IST110,2,1,81
ll2646@nittany.edu,ECON101,1,1,94
ll6444@nittany.edu,MATH141,1,1,63
ll6444@nittany.edu,MATH140,1,1,67
ll6444@nittany.edu,DS120,2,1,68
lm1111@nittany.edu,EE353,2,1,94
lm1111@nittany.edu,CHEM111,1,1,75
lm1111@nittany.edu,PHYS212,2,1,79
lm1801@nittany.edu,DS220,2,1,70
lm1801@nittany.edu,CSE543,1,1,86
lm1801@nittany.edu,MATH230,2,1,60
lm3612@nittany.edu,MATH141,1,1,66
lm3612@nittany.edu,EE330,2,1,69
lm3612@nittany.edu,CSE543,2,1,83
lm6031@nittany.edu,CMPEN351,2,1,71
lm6031@nittany.edu,ECON201,1,1,92
lm6031@nittany.edu,ECON102,1,1,99
lm8503@nittany.edu,CMPSC131,2,1,74
lm8503@nittany.edu,CMPEN411,2,1,92
lm8503@nittany.edu,CMPSC465,2,1,86
lo3428@nittany.edu,IST128,2,1,63
lo3428@nittany.edu,PHYS211,2,1,84
lo3428@nittany.edu,MATH231,2,1,79
lo7605@nittany.edu,CMPEN270,2,1,69
lo7605@nittany.edu,CMPEN331,1,1,96
lo7605@nittany.edu,CMPSC221,1,1,61
lr3728@nittany.edu,CMPSC475,2,1,65
lr3728@nittany.edu,CHEM110,1,1,68
lr3728@nittany.edu,MATH230,2,1,72
lr4974@nittany.edu,EE330,2,1,61
lr4974@nittany.edu,ECON201,2,1,68
lr4974@nittany.edu,EE352,1,1,90
lr5472@nittany.edu,EE211,1,1,61
lr5472@nittany.edu,ECON101,1,1,74
lr5472@nittany.edu,EE320,1,1,67
lr5589@nittany.edu,EE311,2,1,89
lr5589@nittany.edu,EE330,2,1,67
lr5589@nittany.edu,CMPEN270,1,1,78
lr8600@nittany.edu,EE212,1,1,66
lr8600@nittany.edu,IST110,1,1,72
lr8600@nittany.edu,CMPSC221,2,1,66
ls2077@nittany.edu,DS220,1,1,99
ls2077@nittany.edu,PHYS214,2,1,74
ls2077@nittany.edu,EE211,1,1,87
ls6337@nittany.edu,CMPSC132,2,1,99
ls6337@nittany.edu,CMPEN331,2,1,86
ls6337@nittany.edu,EE212,1,1,69
lt1060@nittany.edu,ECON201,1,1,88
lt1060@nittany.edu,CMPSC431W,1,1,74
lt1060@nittany.edu,DS120,1,1,76
lt3713@nittany.edu,CSE583,1,1,60
lt3713@nittany.edu,ECON101,2,1,88
lt3713@nittany.edu,MATH141,1,1,74
lt7103@nittany.edu,CSE583,1,1,100
lt7103@nittany.edu,CMPSC221,2,1,79
lt7103@nittany.edu,CMPSC448,2,1,81
lt8326@nittany.edu,PHYS211,1,1,88
lt8326@nittany.edu,ECON102,2,1,76
lt8326@nittany.edu,EE320,2,1,80
lt8366@nittany.edu,CMPSC311,2,1,75
lt8366@nittany.edu,IST110,2,1,86
lt8366@nittany.edu,MATH230,1,1,91
lu6872@nittany.edu,STAT319,1,1,72
lu6872@nittany.edu,DS120,2,1,92
lv3076@nittany.edu,PHYS211,2,1,66
lv3076@nittany.edu,CMPEN411,2,1,64
lv3076@nittany.edu,STAT415,2,1,100
lw4369@nittany.edu,STAT318,2,1,74
lw4369@nittany.edu,ECON201,1,1,62
lw4369@nittany.edu,EE210,1,1,69
lw7685@nittany.edu,MATH230,2,1,61
lw7685@nittany.edu,CMPEN431,2,1,72
lw7685@nittany.edu,CSE583,1,1,85
lw8160@nittany.edu,EE311,2,1,91
lw8160@nittany.edu,CSE543,2,1,94
lw8160@nittany.edu,ECON102,1,1,96
lw8769@nittany.edu,PHYS211,2,1,79
lw8769@nittany.edu,EE311,2,1,84
lw8769@nittany.edu,CMPEN270,1,1,73
ma2722@nittany.edu,PHYS213,2,1,100
ma2722@nittany.edu,PHYS211,2,1,68
ma2722@nittany.edu,DS220,1,1,90
ma3543@nittany.edu,CMPEN441,2,1,70
ma3543@nittany.edu,IST110,1,1,81
ma3543@nittany.edu,EE352,1,1,60
ma3822@nittany.edu,MATH141,2,1,61
ma3822@nittany.edu,ECON201,2,1,66
ma4242@nittany.edu,EE353,2,1,90
ma4242@nittany.edu,PHYS214,2,1,80
ma4242@nittany.edu,MATH231,2,1,98
ma4550@nittany.edu,CMPEN331,2,1,75
ma4550@nittany.edu,CMPSC132,2,1,93
ma4550@nittany.edu,ECON101,1,1,63
ma5045@nittany.edu,CMPSC221,2,1,63
ma5045@nittany.edu,CMPSC465,2,1,82
ma5045@nittany.edu,CHEM111,1,1,80
ma5503@nittany.edu,CMPEN270,1,1,60
ma5503@nittany.edu,EE353,2,1,77
ma5503@nittany.edu,CMPEN411,2,1,64
ma6036@nittany.edu,DS120,1,1,65
ma6036@nittany.edu,EE210,1,1,63
ma6036@nittany.edu,CMPEN441,2,1,86
ma8013@nittany.edu,CMPEN351,2,1,71
ma8013@nittany.edu,IST110,2,1,89
ma8013@nittany.edu,ECON201,1,1,85
ma8046@nittany.edu,CMPSC475,2,1,77
ma8046@nittany.edu,CMPSC461,2,1,75
ma8535@nittany.edu,CMPEN331,1,1,100
ma8535@nittany.edu,ECON101,2,1,62
ma8938@nittany.edu,CSE543,2,1,63
ma8938@nittany.edu,ECON201,2,1,87
ma8938@nittany.edu,MATH230,2,1,98
ma8953@nittany.edu,ECON201,1,1,92
ma8953@nittany.edu,EE210,1,1,99
ma8953@nittany.edu,CMPEN431,1,1,79
ma9716@nittany.edu,CMPSC431W,1,1,85
ma9716@nittany.edu,EE330,2,1,88
ma9983@nittany.edu,MATH140,2,1,84
ma9983@nittany.edu,ECON101,1,1,76
ma9983@nittany.edu,IST128,1,1,89
mb1688@nittany.edu,EE353,2,1,85
mb1688@nittany.edu,CSE583,1,1,61
mb1688@nittany.edu,CMPEN431,2,1,75
mb2685@nittany.edu,STAT319,1,1,70
mb2685@nittany.edu,CMPSC221,1,1,83
mb2986@nittany.edu,STAT319,2,1,77
mb2986@nittany.edu,EE353,2,1,87
mb2986@nittany.edu,MATH141,2,1,87
mb3501@nittany.edu,PHYS214,2,1,96
mb3501@nittany.edu,ECON101,2,1,62
mb3709@nittany.edu,IST128,1,1,73
mb3709@nittany.edu,CMPEN331,2,1,83
mb4117@nittany.edu,DS120,2,1,85
mb4117@nittany.edu,CMPSC475,2,1,73
mb4756@nittany.edu,PHYS211,1,1,85
mb4756@nittany.edu,DS120,2,1,66
mb5390@nittany.edu,CMPSC431W,2,1,100
mb5390@nittany.edu,CMPEN270,1,1,61
mb5390@nittany.edu,CMPSC131,1,1,100
mb5410@nittany.edu,MATH141,2,1,78
mb5410@nittany.edu,CMPEN441,1,1,82
mb5410@nittany.edu,MATH140,1,1,72
mb7672@nittany.edu,MATH140,2,1,68
mb7672@nittany.edu,IST128,2,1,77
mb7672@nittany.edu,CMPEN331,2,1,87
mb8575@nittany.edu,STAT318,2,1,77
mb8575@nittany.edu,CMPEN431,2,1,66
mc1411@nittany.edu,CSE583,2,1,62
mc1411@nittany.edu,PHYS211,2,1,73
mc2699@nittany.edu,CHEM112,2,1,63
mc2699@nittany.edu,CMPEN362,2,1,67
mc2699@nittany.edu,CMPSC311,2,1,67
mc3632@nittany.edu,EE311,1,1,94
mc3632@nittany.edu,CHEM112,1,1,62
mc3632@nittany.edu,CMPEN270,2,1,99
mc4662@nittany.edu,ECON201,1,1,63
mc4662@nittany.edu,MATH141,1,1,81
mc4662@nittany.edu,MATH231,1,1,81
mc4696@nittany.edu,CMPSC465,2,1,61
mc4696@nittany.edu,STAT319,1,1,93
mc4814@nittany.edu,IST110,2,1,69
mc4814@nittany.edu,CMPEN331,1,1,62
mc4814@nittany.edu,CMPEN351,1,1,74
mc8336@nittany.edu,CMPEN441,2,1,100
mc8336@nittany.edu,CMPEN362,2,1,81
mc9096@nittany.edu,CHEM110,2,1,88
mc9096@nittany.edu,EE210,1,1,66
mc9149@nittany.edu,EE211,2,1,69
mc9149@nittany.edu,CHEM110,2,1,73
mc9149@nittany.edu,ECON201,1,1,99
mc9587@nittany.edu,STAT319,2,1,86
mc9587@nittany.edu,DS120,1,1,68
mc9587@nittany.edu,EE352,2,1,90
md1308@nittany.edu,CMPEN362,1,1,83
md1308@nittany.edu,CMPSC461,1,1,74
md1308@nittany.edu,CMPSC311,2,1,89
md1699@nittany.edu,CMPSC448,1,1,95
md1699@nittany.edu,CMPEN270,2,1,81
md1699@nittany.edu,STAT415,2,1,75
md2194@nittany.edu,CSE543,2,1,73
md3813@nittany.edu,EE311,1,1,87
md3813@nittany.edu,CMPEN411,1,1,63
md3813@nittany.edu,IST128,2,1,69
md5914@nittany.edu,CMPEN431,2,1,70
md5914@nittany.edu,CMPSC360,2,1,96
md5914@nittany.edu,EE330,2,1,93
md6319@nittany.edu,IST110,2,1,82
md6319@nittany.edu,CHEM112,2,1,85
md6319@nittany.edu,ECON101,1,1,98
md6611@nittany.edu,CMPEN331,1,1,98
md6611@nittany.edu,MATH140,1,1,89
md7018@nittany.edu,STAT415,2,1,88
md7018@nittany.edu,CMPEN270,1,1,72
md7627@nittany.edu,DS220,1,1,80
md7627@nittany.edu,CMPSC465,1,1,97
md8760@nittany.edu,CMPEN362,1,1,81
md8760@nittany.edu,PHYS214,2,1,87
md9837@nittany.edu,CMPEN411,1,1,86
md9837@nittany.edu,MATH140,2,1,71
md9837@nittany.edu,CSE543,1,1,66
me2148@nittany.edu,ECON102,2,1,94
me2148@nittany.edu,EE311,2,1,94
me2596@nittany.edu,MATH231,1,1,95
me2596@nittany.edu,EE311,2,1,63
me4221@nittany.edu,MATH231,2,1,96
me4221@nittany.edu,CMPSC448,2,1,91
me4221@nittany.edu,EE311,2,1,72
me5010@nittany.edu,CSE583,2,1,95
me5010@nittany.edu,STAT318,1,1,77
me5010@nittany.edu,MATH231,2,1,65
me5409@nittany.edu,CMPSC431W,1,1,94
me5409@nittany.edu,EE212,1,1,100
me5409@nittany.edu,CMPSC131,1,1,78
me6698@nittany.edu,STAT415,2,1,71
me6698@nittany.edu,EE210,2,1,93
me6698@nittany.edu,EE211,1,1,75
me6706@nittany.edu,CMPEN270,1,1,63
me6706@nittany.edu,STAT415,2,1,72
me6706@nittany.edu,EE212,1,1,76
me9525@nittany.edu,EE311,1,1,75
me9525@nittany.edu,STAT319,1,1,80
me9897@nittany.edu,CMPSC221,2,1,96
me9897@nittany.edu,CMPSC465,1,1,96
me9897@nittany.edu,EE352,1,1,71
mf6881@nittany.edu,CMPSC311,2,1,63
mf6881@nittany.edu,CMPSC431W,1,1,68
mf6881@nittany.edu,MATH231,1,1,70
mf8214@nittany.edu,CMPEN351,1,1,73
mf8214@nittany.edu,CHEM111,2,1,78
mf8214@nittany.edu,EE330,1,1,78
mg1007@nittany.edu,EE320,1,1,60
mg1007@nittany.edu,EE210,2,1,90
mg1007@nittany.edu,DS120,1,1,60
mg1791@nittany.edu,EE311,2,1,68
mg1791@nittany.edu,CMPSC311,1,1,89
mg1791@nittany.edu,CMPEN441,2,1,61
mg1976@nittany.edu,PHYS214,1,1,86
mg1976@nittany.edu,ECON102,1,1,82
mg1976@nittany.edu,IST110,2,1,71
mg4093@nittany.edu,CSE543,1,1,65
mg4093@nittany.edu,PHYS211,1,1,89
mg4093@nittany.edu,STAT319,2,1,86
mg7641@nittany.edu,CMPEN362,1,1,63
mg7641@nittany.edu,CMPEN351,1,1,86
mg7641@nittany.edu,CHEM112,2,1,75
mg7684@nittany.edu,CHEM111,1,1,94
mg8396@nittany.edu,CMPSC475,2,1,100
mg8396@nittany.edu,DS220,1,1,65
mg8396@nittany.edu,ECON102,1,1,93
mg8505@nittany.edu,CHEM112,2,1,97
mg8505@nittany.edu,EE212,1,1,87
mg8599@nittany.edu,IST128,2,1,72
mg8599@nittany.edu,CHEM111,1,1,63
mg8599@nittany.edu,ECON102,1,1,63
mh2194@nittany.edu,DS120,2,1,63
mh2194@nittany.edu,CMPEN351,1,1,96
mh2194@nittany.edu,CMPEN270,2,1,61
mh2221@nittany.edu,PHYS211,2,1,60
mh2221@nittany.edu,CMPEN331,2,1,62
mh3437@nittany.edu,EE311,1,1,60
mh3437@nittany.edu,EE212,2,1,100
mh3437@nittany.edu,CMPSC461,1,1,96
mh4972@nittany.edu,CMPSC475,1,1,99
mh4972@nittany.edu,CMPEN270,1,1,60
mh8661@nittany.edu,ECON102,1,1,77
mh8661@nittany.edu,ECON201,2,1,84
mh9005@nittany.edu,CSE543,2,1,79
mh9005@nittany.edu,CMPSC360,1,1,73
mh9954@nittany.edu,EE211,1,1,89
mh9954@nittany.edu,CMPSC475,1,1,84
mh9954@nittany.edu,PHYS213,1,1,81
mi2648@nittany.edu,CMPSC465,2,1,69
mi2648@nittany.edu,DS120,2,1,86
mi2648@nittany.edu,PHYS213,2,1,82
mi6642@nittany.edu,PHYS213,2,1,66
mi6642@nittany.edu,CSE543,2,1,91
mj1117@nittany.edu,ECON101,1,1,91
mj1117@nittany.edu,MATH141,2,1,61
mj1523@nittany.edu,CMPEN351,2,1,71
mj1523@nittany.edu,CHEM110,1,1,75
mj1523@nittany.edu,CMPEN270,1,1,96
mj1770@nittany.edu,DS120,2,1,79
mj1770@nittany.edu,CHEM111,1,1,92
mj1770@nittany.edu,CHEM110,1,1,76
mj1886@nittany.edu,MATH141,2,1,75
mj1886@nittany.edu,CMPEN331,2,1,62
mj1886@nittany.edu,STAT319,2,1,61
mj2446@nittany.edu,CHEM111,2,1,83
mj2446@nittany.edu,ECON201,1,1,77
mj2446@nittany.edu,EE211,1,1,77
mj4880@nittany.edu,STAT319,2,1,66
mj4880@nittany.edu,EE311,1,1,83
mj4880@nittany.edu,CMPEN331,2,1,92
mj5224@nittany.edu,STAT415,1,1,86
mj5224@nittany.edu,CMPSC221,1,1,97
mj5914@nittany.edu,PHYS212,2,1,95
mj5914@nittany.edu,CMPEN441,1,1,96
mj5914@nittany.edu,MATH230,1,1,99
mj6359@nittany.edu,PHYS211,2,1,71
mj6359@nittany.edu,CMPSC448,1,1,62
mj6957@nittany.edu,IST128,2,1,98
mj7408@nittany.edu,CMPEN351,2,1,83
mj7408@nittany.edu,CMPSC448,2,1,99
mj8109@nittany.edu,EE352,1,1,63
mj8109@nittany.edu,MATH231,2,1,89
mj8109@nittany.edu,CSE583,1,1,64
mj8696@nittany.edu,CMPEN270,2,1,64
mj8696@nittany.edu,ECON201,1,1,89
mj8696@nittany.edu,MATH141,1,1,81
mj9296@nittany.edu,EE212,2,1,80
mj9296@nittany.edu,CMPSC475,1,1,96
mj9296@nittany.edu,EE352,2,1,87
mj9606@nittany.edu,CHEM112,2,1,79
mj9606@nittany.edu,EE352,1,1,86
mk1572@nittany.edu,ECON102,1,1,81
mk1572@nittany.edu,STAT318,1,1,82
mk1572@nittany.edu,CMPEN441,2,1,81
mk1676@nittany.edu,EE311,1,1,81
mk1676@nittany.edu,STAT318,1,1,79
mk1676@nittany.edu,CMPEN411,2,1,72
mk2051@nittany.edu,CMPSC311,1,1,64
mk2051@nittany.edu,EE330,1,1,97
mk2051@nittany.edu,EE353,1,1,99
mk2377@nittany.edu,CMPSC448,1,1,77
mk2377@nittany.edu,CMPSC461,2,1,66
mk2377@nittany.edu,CMPSC360,1,1,75
mk3204@nittany.edu,STAT319,1,1,94
mk3204@nittany.edu,ECON101,1,1,94
mk3204@nittany.edu,CMPSC461,1,1,85
mk4451@nittany.edu,IST128,2,1,63
mk4451@nittany.edu,CHEM110,2,1,72
mk4451@nittany.edu,CSE583,2,1,70
mk4648@nittany.edu,CSE543,1,1,70
mk4648@nittany.edu,EE353,2,1,82
mk5190@nittany.edu,CMPEN411,2,1,99
mk5190@nittany.edu,IST110,2,1,64
mk5190@nittany.edu,EE352,1,1,86
mk7105@nittany.edu,CMPSC132,1,1,70
mk7105@nittany.edu,EE311,2,1,96
mk7105@nittany.edu,IST128,1,1,62
mk7773@nittany.edu,EE330,1,1,88
mk7773@nittany.edu,CHEM112,2,1,93
mk7773@nittany.edu,EE211,2,1,83
mk8847@nittany.edu,MATH140,2,1,88
mk8847@nittany.edu,MATH141,2,1,94
ml1743@nittany.edu,PHYS213,1,1,79
ml1743@nittany.edu,CSE583,2,1,100
ml1743@nittany.edu,CHEM112,1,1,61
ml3983@nittany.edu,CMPSC461,1,1,65
ml3983@nittany.edu,CMPSC311,1,1,90
ml5064@nittany.edu,STAT318,1,1,64
ml5064@nittany.edu,CHEM110,2,1,94
ml5786@nittany.edu,CMPSC461,1,1,63
ml5786@nittany.edu,PHYS212,2,1,61
ml5786@nittany.edu,PHYS213,1,1,85
ml5796@nittany.edu,MATH141,1,1,86
ml5796@nittany.edu,EE330,2,1,85
ml5796@nittany.edu,CMPSC448,1,1,99
ml6213@nittany.edu,CMPSC431W,2,1,74
ml6213@nittany.edu,ECON102,2,1,91
ml6213@nittany.edu,MATH230,2,1,76
ml7288@nittany.edu,IST128,1,1,94
ml7288@nittany.edu,CMPSC131,1,1,98
ml7288@nittany.edu,PHYS213,1,1,89
ml7753@nittany.edu,CMPEN431,2,1,69
ml7753@nittany.edu,CMPSC448,2,1,78
ml7975@nittany.edu,CSE543,1,1,86
ml7975@nittany.edu,CHEM110,2,1,100
ml8317@nittany.edu,MATH141,1,1,91
ml8317@nittany.edu,IST128,1,1,68
ml8317@nittany.edu,CMPSC465,1,1,92
ml9111@nittany.edu,DS220,2,1,86
ml9111@nittany.edu,EE211,2,1,82
ml9111@nittany.edu,PHYS213,1,1,85
mm1324@nittany.edu,STAT319,1,1,91
mm1324@nittany.edu,MATH141,2,1,78
mm1324@nittany.edu,PHYS213,2,1,91
mm1660@nittany.edu,CMPSC131,1,1,98
mm1660@nittany.edu,CMPSC221,1,1,90
mm1660@nittany.edu,CMPSC360,1,1,92
mm2047@nittany.edu,CMPEN270,1,1,64
mm2047@nittany.edu,CMPEN351,2,1,79
mm2047@nittany.edu,CMPSC461,1,1,85
mm2976@nittany.edu,STAT415,1,1,85
mm2976@nittany.edu,PHYS214,2,1,87
mm2976@nittany.edu,CMPSC311,2,1,81
mm3162@nittany.edu,CMPSC448,2,1,91
mm3162@nittany.edu,ECON102,1,1,69
mm3162@nittany.edu,EE210,2,1,98
mm4674@nittany.edu,EE353,1,1,70
mm4674@nittany.edu,MATH141,2,1,79
mm4674@nittany.edu,MATH231,2,1,87
mm6107@nittany.edu,ECON201,1,1,97
mm6107@nittany.edu,STAT319,1,1,95
mm6107@nittany.edu,CMPEN441,1,1,92
mm6682@nittany.edu,CMPSC131,2,1,65
mm6682@nittany.edu,CMPEN441,1,1,67
mm6682@nittany.edu,CMPEN270,2,1,70
mm7898@nittany.edu,STAT319,2,1,64
mm7898@nittany.edu,CMPSC461,2,1,68
mm7898@nittany.edu,DS220,1,1,78
mm8916@nittany.edu,EE212,1,1,70
mm8916@nittany.edu,CMPEN351,1,1,79
mm8916@nittany.edu,PHYS211,2,1,94
mm9332@nittany.edu,STAT318,2,1,66
mm9332@nittany.edu,DS220,2,1,79
mm9624@nittany.edu,CHEM110,2,1,61
mm9624@nittany.edu,PHYS211,1,1,66
mm9659@nittany.edu,CMPSC475,1,1,91
mm9659@nittany.edu,CMPSC360,2,1,94
mm9659@nittany.edu,EE353,1,1,78
mn1003@nittany.edu,EE311,2,1,89
mn1003@nittany.edu,CMPEN411,2,1,67
mn1003@nittany.edu,IST128,1,1,89
mn1239@nittany.edu,PHYS211,2,1,75
mn1239@nittany.edu,CHEM111,1,1,75
mn1239@nittany.edu,PHYS212,2,1,90
mn2842@nittany.edu,CMPEN331,1,1,77
mn2842@nittany.edu,EE353,1,1,97
mn2842@nittany.edu,PHYS212,2,1,82
mn2870@nittany.edu,IST110,2,1,87
mn2870@nittany.edu,CMPSC448,1,1,78
mn2870@nittany.edu,CMPSC311,1,1,95
mn6721@nittany.edu,EE211,2,1,60
mn6721@nittany.edu,MATH230,1,1,92
mn6721@nittany.edu,CMPSC311,2,1,73
mn6897@nittany.edu,CMPEN431,1,1,60
mn6897@nittany.edu,IST110,1,1,86
mn9410@nittany.edu,CMPEN351,2,1,90
mn9410@nittany.edu,CMPSC475,2,1,100
mn9410@nittany.edu,PHYS213,1,1,76
mo1186@nittany.edu,ECON101,2,1,85
mo1186@nittany.edu,EE311,1,1,64
mo1186@nittany.edu,CMPSC311,1,1,74
mo1767@nittany.edu,CSE583,1,1,61
mo1767@nittany.edu,MATH230,1,1,72
mo1767@nittany.edu,PHYS213,1,1,94
mo2344@nittany.edu,ECON201,2,1,78
mo2344@nittany.edu,CMPSC131,2,1,87
mo2344@nittany.edu,ECON101,2,1,80
mo4621@nittany.edu,STAT319,1,1,96
mo4621@nittany.edu,CHEM111,1,1,88
mo4621@nittany.edu,CMPSC360,2,1,97
mo9119@nittany.edu,CHEM112,1,1,66
mo9119@nittany.edu,CSE583,2,1,72
mo9119@nittany.edu,PHYS213,2,1,61
mp4954@nittany.edu,CMPSC431W,1,1,63
mp4954@nittany.edu,CMPSC448,1,1,67
mp4954@nittany.edu,EE330,1,1,86
mp5777@nittany.edu,EE210,1,1,95
mp5777@nittany.edu,STAT415,2,1,67
mp5777@nittany.edu,CMPSC465,1,1,94
mp5980@nittany.edu,PHYS211,2,1,88
mp5980@nittany.edu,EE212,1,1,99
mp5980@nittany.edu,CMPSC475,2,1,100
mp7693@nittany.edu,CMPSC465,1,1,92
mp7693@nittany.edu,CMPEN331,2,1,88
mp7693@nittany.edu,CSE583,2,1,77
mp7952@nittany.edu,EE320,1,1,88
mp7952@nittany.edu,EE353,2,1,84
mp8264@nittany.edu,CMPSC311,2,1,98
mp8264@nittany.edu,CMPEN270,2,1,66
mp8264@nittany.edu,PHYS212,1,1,87
mp8748@nittany.edu,CMPSC360,1,1,85
mp8748@nittany.edu,CMPEN431,2,1,60
mp8748@nittany.edu,MATH231,1,1,99
mr1020@nittany.edu,CMPSC465,2,1,92
mr1020@nittany.edu,EE211,2,1,89
mr1020@nittany.edu,CMPEN351,2,1,73
mr1462@nittany.edu,PHYS213,1,1,96
mr1462@nittany.edu,STAT319,2,1,79
mr1462@nittany.edu,CMPEN431,2,1,71
mr1874@nittany.edu,CHEM110,2,1,78
mr1874@nittany.edu,CMPEN441,2,1,64
mr1874@nittany.edu,ECON102,2,1,100
mr2329@nittany.edu,PHYS213,2,1,63
mr2329@nittany.edu,MATH141,1,1,64
mr2329@nittany.edu,ECON201,1,1,96
mr2575@nittany.edu,ECON102,2,1,82
mr2575@nittany.edu,EE311,1,1,99
mr2575@nittany.edu,MATH231,2,1,63
mr3116@nittany.edu,CHEM111,2,1,97
mr3116@nittany.edu,CMPEN351,1,1,99
mr3131@nittany.edu,EE210,1,1,98
mr3131@nittany.edu,ECON101,2,1,99
mr3131@nittany.edu,CMPSC311,1,1,84
mr3369@nittany.edu,ECON201,2,1,87
mr3369@nittany.edu,CHEM112,2,1,98
mr3369@nittany.edu,DS220,1,1,68
mr3556@nittany.edu,EE320,2,1,94
mr3556@nittany.edu,MATH230,2,1,82
mr3556@nittany.edu,CMPEN431,2,1,77
mr4635@nittany.edu,EE330,1,1,61
mr4635@nittany.edu,CMPEN411,2,1,89
mr4635@nittany.edu,EE320,2,1,90
mr4981@nittany.edu,STAT319,1,1,85
mr4981@nittany.edu,CMPSC221,2,1,90
mr4981@nittany.edu,CMPSC461,1,1,85
mr5319@nittany.edu,CMPEN441,1,1,79
mr5319@nittany.edu,PHYS214,2,1,68
mr5319@nittany.edu,STAT319,1,1,91
mr5565@nittany.edu,EE311,2,1,83
mr5565@nittany.edu,EE353,1,1,80
mr5670@nittany.edu,CMPSC431W,1,1,64
mr5670@nittany.edu,PHYS211,2,1,74
mr5670@nittany.edu,EE211,2,1,81
mr5864@nittany.edu,CMPSC465,1,1,75
mr5864@nittany.edu,ECON102,2,1,93
mr5864@nittany.edu,CHEM110,1,1,88
mr6639@nittany.edu,STAT319,1,1,85
mr6639@nittany.edu,CMPSC132,2,1,78
mr6639@nittany.edu,CMPEN431,1,1,78
mr7087@nittany.edu,CHEM110,2,1,88
mr7087@nittany.edu,ECON102,1,1,61
mr7087@nittany.edu,CHEM111,2,1,78
mr8602@nittany.edu,CMPEN351,2,1,81
mr8602@nittany.edu,EE212,1,1,76
mr8602@nittany.edu,MATH231,2,1,90
mr9406@nittany.edu,CMPEN411,2,1,95
mr9406@nittany.edu,EE212,1,1,78
mr9406@nittany.edu,PHYS211,1,1,70
ms1481@nittany.edu,ECON101,2,1,81
ms1481@nittany.edu,EE320,1,1,88
ms2255@nittany.edu,MATH141,2,1,100
ms2255@nittany.edu,CMPEN411,2,1,76
ms2255@nittany.edu,STAT319,1,1,80
ms2404@nittany.edu,STAT415,2,1,68
ms2404@nittany.edu,CMPEN411,1,1,81
ms2404@nittany.edu,CMPSC311,2,1,98
ms2737@nittany.edu,DS120,2,1,61
ms2737@nittany.edu,CHEM110,2,1,89
ms2737@nittany.edu,CMPSC475,2,1,60
ms6173@nittany.edu,MATH141,2,1,87
ms6173@nittany.edu,CMPSC311,2,1,86
ms6173@nittany.edu,PHYS212,1,1,98
ms6765@nittany.edu,CHEM112,1,1,61
ms6765@nittany.edu,EE212,2,1,91
ms6799@nittany.edu,PHYS214,2,1,81
ms6799@nittany.edu,CMPSC431W,2,1,89
ms6799@nittany.edu,CMPEN441,2,1,93
ms6805@nittany.edu,STAT318,2,1,86
ms6805@nittany.edu,CHEM112,1,1,60
ms6805@nittany.edu,CMPEN431,1,1,63
ms7605@nittany.edu,MATH140,2,1,68
ms7605@nittany.edu,CMPSC448,2,1,82
ms7605@nittany.edu,CMPEN351,2,1,84
ms9362@nittany.edu,ECON101,1,1,91
ms9362@nittany.edu,EE210,2,1,69
ms9362@nittany.edu,EE353,2,1,80
ms9882@nittany.edu,CMPEN331,2,1,73
ms9882@nittany.edu,EE352,1,1,74
mt1262@nittany.edu,CHEM110,2,1,62
mt1262@nittany.edu,STAT319,1,1,74
mt1262@nittany.edu,EE320,1,1,94
mt1283@nittany.edu,STAT415,2,1,81
mt1283@nittany.edu,CMPSC431W,2,1,98
mt1283@nittany.edu,CMPSC131,1,1,76
mt2086@nittany.edu,CMPEN362,1,1,95
mt2086@nittany.edu,PHYS213,1,1,63
mt2086@nittany.edu,CMPSC360,1,1,65
mt2330@nittany.edu,EE211,2,1,79
mt2330@nittany.edu,EE352,2,1,99
mt2330@nittany.edu,EE210,1,1,75
mt2801@nittany.edu,EE210,1,1,95
mt2801@nittany.edu,STAT319,1,1,62
mt2801@nittany.edu,STAT415,1,1,75
mt3151@nittany.edu,CHEM111,2,1,61
mt3151@nittany.edu,STAT318,1,1,65
mt3151@nittany.edu,CHEM110,1,1,71
mt3231@nittany.edu,CMPSC475,2,1,83
mt3231@nittany.edu,CMPSC132,2,1,73
mt4811@nittany.edu,CMPEN431,2,1,60
mt4811@nittany.edu,PHYS214,2,1,73
mt4811@nittany.edu,EE210,1,1,63
mt6337@nittany.edu,ECON201,2,1,87
mt6337@nittany.edu,CHEM112,2,1,84
mt6337@nittany.edu,CMPEN331,1,1,100
mt7030@nittany.edu,EE311,2,1,77
mt7030@nittany.edu,CMPEN431,2,1,70
mt7486@nittany.edu,CHEM112,1,1,67
mt7486@nittany.edu,MATH231,1,1,84
mt7486@nittany.edu,DS220,2,1,81
mt7911@nittany.edu,CMPSC465,1,1,82
mt7911@nittany.edu,ECON102,2,1,63
mt7911@nittany.edu,CMPSC132,2,1,100
mt8800@nittany.edu,MATH231,1,1,88
mt8800@nittany.edu,CMPSC360,1,1,77
mt8800@nittany.edu,CMPEN431,2,1,70
mv1311@nittany.edu,CHEM112,1,1,97
mv1311@nittany.edu,EE353,2,1,60
mv1311@nittany.edu,MATH231,2,1,68
mv4275@nittany.edu,CMPSC132,1,1,97
mv4275@nittany.edu,ECON102,1,1,75
mv4275@nittany.edu,PHYS213,2,1,77
mw5114@nittany.edu,EE330,2,1,72
mw5114@nittany.edu,CMPEN431,1,1,92
mw5114@nittany.edu,CMPEN441,1,1,84
mw5391@nittany.edu,CMPSC132,1,1,78
mw5391@nittany.edu,STAT319,1,1,74
mw5391@nittany.edu,CMPEN362,2,1,92
mw6081@nittany.edu,CSE583,2,1,66
mw6081@nittany.edu,STAT319,1,1,92
my3786@nittany.edu,CMPSC311,1,1,83
my3786@nittany.edu,CMPSC465,1,1,86
my3786@nittany.edu,STAT319,1,1,64
my7428@nittany.edu,PHYS213,1,1,99
mz3667@nittany.edu,CHEM110,2,1,73
mz3667@nittany.edu,CSE543,2,1,97
mz3667@nittany.edu,EE330,1,1,98
mz7054@nittany.edu,CMPEN362,1,1,78
mz7054@nittany.edu,CMPSC448,2,1,77
mz7054@nittany.edu,STAT318,2,1,84
mz7312@nittany.edu,CMPSC311,1,1,71
mz7312@nittany.edu,ECON101,1,1,78
mz7312@nittany.edu,CHEM110,1,1,73
na8379@nittany.edu,EE212,2,1,99
na8379@nittany.edu,CMPEN431,2,1,63
na8379@nittany.edu,CMPSC131,1,1,87
nb2686@nittany.edu,CMPEN411,1,1,94
nb2686@nittany.edu,STAT415,1,1,74
nb2686@nittany.edu,CMPEN441,2,1,60
nb4212@nittany.edu,STAT319,2,1,87
nb4212@nittany.edu,CHEM110,2,1,93
nb4212@nittany.edu,EE320,2,1,99
nb5135@nittany.edu,EE330,1,1,85
nb5135@nittany.edu,IST110,1,1,93
nb6183@nittany.edu,CMPSC475,1,1,72
nb6183@nittany.edu,CMPEN331,2,1,75
nb6183@nittany.edu,CSE583,2,1,67
nc8172@nittany.edu,CMPSC131,1,1,85
nc8172@nittany.edu,EE320,2,1,60
nc8172@nittany.edu,PHYS211,2,1,70
nd2615@nittany.edu,EE211,1,1,92
nd2615@nittany.edu,IST110,1,1,72
nd2615@nittany.edu,CHEM112,1,1,85
ne9599@nittany.edu,CHEM112,1,1,80
ne9599@nittany.edu,CSE543,2,1,75
ne9599@nittany.edu,ECON101,2,1,93
nf6339@nittany.edu,STAT319,2,1,74
nf6339@nittany.edu,CMPSC221,1,1,99
nf6339@nittany.edu,EE210,1,1,96
nh2508@nittany.edu,CMPEN362,2,1,78
nh2508@nittany.edu,CMPSC448,2,1,94
nh2508@nittany.edu,CHEM111,2,1,72
nk8056@nittany.edu,EE211,1,1,63
nk8056@nittany.edu,EE210,1,1,81
nl1189@nittany.edu,CMPSC465,2,1,74
nl1189@nittany.edu,EE212,1,1,94
nm3617@nittany.edu,PHYS212,1,1,96
nm3617@nittany.edu,CMPSC475,2,1,99
nm4783@nittany.edu,CMPSC475,2,1,79
nm4783@nittany.edu,CMPEN431,1,1,79
no6118@nittany.edu,CHEM110,2,1,75
no6118@nittany.edu,EE311,2,1,73
no6118@nittany.edu,PHYS214,1,1,98
nr4230@nittany.edu,ECON101,2,1,76
nr4230@nittany.edu,DS120,1,1,77
nr4230@nittany.edu,CMPSC360,2,1,61
ns1210@nittany.edu,CMPEN441,2,1,67
ns1210@nittany.edu,CMPEN351,2,1,83
ns1210@nittany.edu,EE330,2,1,65
ns2358@nittany.edu,CMPSC465,1,1,95
ns2358@nittany.edu,PHYS211,2,1,85
ns2358@nittany.edu,STAT415,2,1,90
ns6501@nittany.edu,CSE543,1,1,60
ns6501@nittany.edu,CMPEN431,1,1,94
nw3340@nittany.edu,CHEM111,1,1,91
nw3340@nittany.edu,CMPEN331,2,1,63
ob6043@nittany.edu,EE311,2,1,78
ob6043@nittany.edu,STAT319,1,1,60
oc3904@nittany.edu,EE330,1,1,85
oc3904@nittany.edu,CMPEN362,1,1,86
oc3904@nittany.edu,CMPSC448,1,1,99
oc9232@nittany.edu,IST128,2,1,79
oc9232@nittany.edu,EE311,2,1,67
oc9232@nittany.edu,MATH141,2,1,82
oc9673@nittany.edu,ECON201,2,1,89
oc9673@nittany.edu,STAT319,1,1,70
og7528@nittany.edu,CMPSC475,1,1,99
og7528@nittany.edu,EE210,1,1,90
og7528@nittany.edu,ECON101,2,1,83
oh8195@nittany.edu,CMPEN351,1,1,98
oh8195@nittany.edu,MATH231,2,1,80
oh8195@nittany.edu,CSE543,1,1,75
oh9599@nittany.edu,EE330,2,1,99
oh9599@nittany.edu,EE352,2,1,97
oh9599@nittany.edu,ECON102,1,1,83
ok5696@nittany.edu,MATH141,2,1,83
ok5696@nittany.edu,CHEM112,2,1,92
ok7520@nittany.edu,STAT319,2,1,82
ok7520@nittany.edu,ECON201,1,1,95
ok8829@nittany.edu,EE210,2,1,81
ok8829@nittany.edu,CSE543,1,1,69
ok8829@nittany.edu,ECON102,1,1,89
ol7450@nittany.edu,CMPEN270,2,1,73
ol7450@nittany.edu,CMPEN411,1,1,92
om9683@nittany.edu,CMPSC221,2,1,86
om9683@nittany.edu,ECON102,2,1,74
om9683@nittany.edu,EE352,1,1,66
or2228@nittany.edu,CMPEN411,2,1,64
or2228@nittany.edu,STAT319,1,1,60
os4077@nittany.edu,CMPSC131,2,1,93
os4077@nittany.edu,EE330,2,1,85
os4077@nittany.edu,MATH141,2,1,90
os7226@nittany.edu,PHYS214,2,1,69
os7226@nittany.edu,CMPSC465,2,1,99
os7226@nittany.edu,CHEM112,2,1,79
ou9392@nittany.edu,MATH141,1,1,84
ou9392@nittany.edu,CMPSC221,1,1,67
ou9392@nittany.edu,CMPEN331,1,1,73
pa6499@nittany.edu,CHEM110,1,1,64
pa6499@nittany.edu,ECON101,1,1,76
pb8346@nittany.edu,CMPEN362,2,1,71
pb8346@nittany.edu,EE320,1,1,84
pb8346@nittany.edu,MATH230,2,1,71
pc8832@nittany.edu,PHYS213,2,1,97
pc8832@nittany.edu,CMPEN270,2,1,97
pc8832@nittany.edu,CMPEN431,2,1,84
pf6936@nittany.edu,IST128,2,1,65
pf6936@nittany.edu,CMPSC465,2,1,67
pf6936@nittany.edu,CMPEN331,1,1,78
ph1773@nittany.edu,STAT318,2,1,71
ph1773@nittany.edu,EE311,2,1,78
ph1773@nittany.edu,DS220,2,1,97
ph3861@nittany.edu,STAT318,1,1,89
ph3861@nittany.edu,CMPEN411,2,1,63
ph3861@nittany.edu,CMPSC431W,2,1,67
ph8799@nittany.edu,EE311,1,1,63
ph8799@nittany.edu,PHYS211,1,1,98
ph8799@nittany.edu,STAT319,2,1,86
pm3642@nittany.edu,CMPSC465,2,1,72
pm3642@nittany.edu,CMPSC431W,2,1,91
pm3642@nittany.edu,CMPSC221,1,1,73
pm4249@nittany.edu,MATH140,1,1,100
pm4249@nittany.edu,CMPEN441,2,1,90
pm4249@nittany.edu,STAT318,1,1,60
po7371@nittany.edu,CMPSC448,1,1,100
po7371@nittany.edu,STAT415,1,1,99
po7371@nittany.edu,MATH230,1,1,69
pp1200@nittany.edu,PHYS211,2,1,63
pp1200@nittany.edu,CMPSC475,1,1,61
pp1292@nittany.edu,CMPSC132,2,1,87
pp1292@nittany.edu,STAT318,1,1,86
pp1292@nittany.edu,ECON102,1,1,69
pp2997@nittany.edu,CMPSC221,1,1,76
pp2997@nittany.edu,MATH140,1,1,97
pr4075@nittany.edu,CMPSC461,1,1,69
pr4075@nittany.edu,STAT415,2,1,65
pr4075@nittany.edu,IST110,2,1,90
ps1087@nittany.edu,EE210,1,1,77
ps1087@nittany.edu,CHEM110,2,1,90
pt3035@nittany.edu,EE211,2,1,61
pw1726@nittany.edu,CMPSC465,2,1,90
pw1726@nittany.edu,EE330,1,1,68
pw7815@nittany.edu,CMPSC475,2,1,94
pw7815@nittany.edu,CMPSC132,1,1,88
pw7815@nittany.edu,CMPEN411,1,1,100
pz6665@nittany.edu,CHEM112,1,1,79
pz6665@nittany.edu,CHEM111,1,1,79
pz6665@nittany.edu,EE212,2,1,79
qj6035@nittany.edu,CMPSC461,1,1,66
qj6035@nittany.edu,PHYS214,1,1,62
qj6035@nittany.edu,CMPSC448,2,1,81
rb1832@nittany.edu,EE320,1,1,76
rb1832@nittany.edu,DS120,2,1,86
rb1832@nittany.edu,ECON101,2,1,92
rb2832@nittany.edu,CMPSC132,1,1,93
rb2832@nittany.edu,CMPEN362,1,1,79
rb2832@nittany.edu,ECON102,2,1,71
rb4971@nittany.edu,CMPEN351,1,1,98
rb4971@nittany.edu,STAT415,2,1,80
rb4971@nittany.edu,ECON102,1,1,80
rb6281@nittany.edu,EE210,1,1,89
rb6281@nittany.edu,EE212,2,1,88
rb6281@nittany.edu,CMPEN270,2,1,65
rb9779@nittany.edu,PHYS214,2,1,86
rb9779@nittany.edu,CMPEN431,1,1,81
rb9779@nittany.edu,EE210,1,1,65
rc5324@nittany.edu,CSE543,1,1,90
rc5324@nittany.edu,DS120,2,1,88
rc5324@nittany.edu,CMPSC311,1,1,94
rc6428@nittany.edu,EE212,2,1,81
rc6428@nittany.edu,CMPSC465,1,1,72
rc6428@nittany.edu,EE353,1,1,89
rf1538@nittany.edu,ECON201,2,1,95
rf1538@nittany.edu,PHYS214,2,1,64
rf1538@nittany.edu,CMPSC221,1,1,69
rf1782@nittany.edu,PHYS213,2,1,93
rf1782@nittany.edu,MATH231,1,1,95
rf1782@nittany.edu,EE320,2,1,84
rf1975@nittany.edu,CMPSC311,1,1,65
rf1975@nittany.edu,EE311,1,1,64
rf1975@nittany.edu,STAT318,1,1,74
rf2661@nittany.edu,CMPSC221,2,1,78
rf2661@nittany.edu,PHYS211,1,1,69
rh1754@nittany.edu,EE211,1,1,63
rh1754@nittany.edu,CHEM111,1,1,63
rh1754@nittany.edu,CMPSC360,1,1,60
rh2046@nittany.edu,DS120,2,1,69
rh2046@nittany.edu,ECON201,1,1,61
rh2046@nittany.edu,CMPSC465,1,1,89
rh4718@nittany.edu,CMPEN441,2,1,95
rh4718@nittany.edu,PHYS213,1,1,94
rh4718@nittany.edu,CSE543,2,1,77
rh6801@nittany.edu,EE353,2,1,94
rh6801@nittany.edu,CSE583,1,1,97
rh9618@nittany.edu,EE352,1,1,72
rh9618@nittany.edu,CMPEN441,2,1,95
rk2653@nittany.edu,CMPEN411,2,1,88
rk2653@nittany.edu,STAT318,1,1,98
rk2653@nittany.edu,STAT319,2,1,61
rk8121@nittany.edu,EE320,2,1,100
rk8121@nittany.edu,CMPSC132,2,1,74
rk8121@nittany.edu,CMPSC448,1,1,74
rl4225@nittany.edu,CMPEN362,2,1,63
rl4225@nittany.edu,CMPEN351,1,1,81
rl4225@nittany.edu,ECON201,2,1,87
rl7115@nittany.edu,IST110,2,1,63
rl7115@nittany.edu,CMPSC132,2,1,64
rl7115@nittany.edu,CMPEN331,1,1,86
rm1496@nittany.edu,CMPSC465,2,1,93
rm1496@nittany.edu,DS220,2,1,61
rm8553@nittany.edu,CMPSC311,2,1,92
rm8553@nittany.edu,IST128,2,1,92
rm8553@nittany.edu,CMPSC431W,1,1,83
rm8585@nittany.edu,EE311,1,1,94
rm8585@nittany.edu,MATH141,1,1,68
ro9937@nittany.edu,ECON102,1,1,96
ro9937@nittany.edu,CMPSC475,2,1,89
ro9937@nittany.edu,PHYS213,2,1,63
rq8420@nittany.edu,CMPEN362,1,1,65
rq8420@nittany.edu,MATH141,2,1,84
rq8420@nittany.edu,PHYS212,2,1,69
rr1861@nittany.edu,STAT319,1,1,88
rr3451@nittany.edu,CMPEN411,1,1,82
rr3451@nittany.edu,IST128,1,1,74
rr4724@nittany.edu,IST110,2,1,99
rr4724@nittany.edu,CMPSC311,2,1,61
rr4724@nittany.edu,STAT318,1,1,89
rr7213@nittany.edu,CMPSC448,2,1,86
rr7213@nittany.edu,MATH140,1,1,90
rr7213@nittany.edu,CMPEN431,1,1,97
rr8243@nittany.edu,CSE583,1,1,68
rr8243@nittany.edu,EE320,1,1,98
rr8243@nittany.edu,CMPSC132,1,1,82
rr9237@nittany.edu,CMPEN431,2,1,97
rr9237@nittany.edu,CMPSC360,1,1,63
rr9237@nittany.edu,CMPSC311,1,1,97
rs3074@nittany.edu,CMPEN411,1,1,77
rs3074@nittany.edu,STAT319,2,1,97
rs3074@nittany.edu,CMPEN331,1,1,91
rs3973@nittany.edu,IST110,1,1,71
rs3973@nittany.edu,CMPEN351,2,1,60
rs3973@nittany.edu,CMPSC465,2,1,75
rt4621@nittany.edu,CMPSC132,1,1,94
rt4621@nittany.edu,EE311,2,1,95
rt4621@nittany.edu,CHEM112,1,1,86
rv5469@nittany.edu,CMPSC221,1,1,82
rv5469@nittany.edu,IST110,2,1,89
rv5469@nittany.edu,CMPEN431,1,1,77
rw1366@nittany.edu,ECON102,2,1,93
rw1366@nittany.edu,ECON101,1,1,63
rw1366@nittany.edu,DS120,1,1,87
sa8884@nittany.edu,CSE543,1,1,97
sa8884@nittany.edu,EE352,2,1,91
sa8884@nittany.edu,CMPSC461,1,1,98
sb1972@nittany.edu,IST110,2,1,65
sb1972@nittany.edu,EE211,2,1,71
sb1972@nittany.edu,CMPEN351,2,1,95
sb2082@nittany.edu,CHEM112,1,1,80
sb2082@nittany.edu,EE352,1,1,71
sb2082@nittany.edu,CMPSC431W,2,1,71
sb4094@nittany.edu,EE211,1,1,93
sb4094@nittany.edu,CSE543,1,1,85
sb4094@nittany.edu,EE352,2,1,62
sb5076@nittany.edu,IST128,1,1,68
sb5076@nittany.edu,PHYS212,2,1,83
sb5076@nittany.edu,EE210,2,1,92
sb5646@nittany.edu,CMPEN362,2,1,80
sb5646@nittany.edu,EE330,1,1,98
sb5646@nittany.edu,CMPSC461,1,1,77
sb6428@nittany.edu,EE353,2,1,78
sb6428@nittany.edu,EE330,2,1,100
sb6428@nittany.edu,MATH230,1,1,84
sc5452@nittany.edu,PHYS211,2,1,74
sc5452@nittany.edu,CMPSC448,1,1,62
sc5452@nittany.edu,CMPSC221,2,1,88
sc6597@nittany.edu,CMPEN431,1,1,88
sc6597@nittany.edu,CMPSC311,1,1,63
sc6597@nittany.edu,IST128,1,1,96
sd6073@nittany.edu,CMPEN351,2,1,71
sd6073@nittany.edu,EE320,2,1,71
sd6073@nittany.edu,MATH140,1,1,64
sd7475@nittany.edu,STAT319,1,1,100
sd7475@nittany.edu,CMPSC360,2,1,95
se2637@nittany.edu,EE211,2,1,70
se2637@nittany.edu,DS120,2,1,98
se2637@nittany.edu,CMPEN270,2,1,92
sg1979@nittany.edu,ECON102,2,1,65
sg1979@nittany.edu,EE353,2,1,79
sg2123@nittany.edu,CHEM112,1,1,67
sg2123@nittany.edu,PHYS211,1,1,76
sg3060@nittany.edu,CMPEN270,1,1,61
sg3060@nittany.edu,MATH231,2,1,69
sg4417@nittany.edu,MATH141,1,1,63
sg4417@nittany.edu,EE353,2,1,96
sg4417@nittany.edu,EE320,2,1,81
sg4622@nittany.edu,ECON101,1,1,100
sg4622@nittany.edu,CMPSC221,1,1,87
sg4622@nittany.edu,EE320,2,1,89
sg9224@nittany.edu,ECON201,2,1,79
sg9224@nittany.edu,EE210,2,1,65
sg9224@nittany.edu,CMPSC131,1,1,61
sh4671@nittany.edu,CMPEN351,1,1,62
sh4671@nittany.edu,CHEM112,2,1,60
sh4671@nittany.edu,MATH230,2,1,92
sh4974@nittany.edu,CMPEN351,1,1,89
sh4974@nittany.edu,MATH231,1,1,74
sh4974@nittany.edu,ECON102,2,1,61
sj7472@nittany.edu,EE211,1,1,83
sj7472@nittany.edu,DS220,1,1,86
sk9053@nittany.edu,MATH141,1,1,62
sk9053@nittany.edu,CMPSC448,1,1,91
sk9053@nittany.edu,CHEM112,2,1,84
sl8096@nittany.edu,CHEM110,2,1,81
sl8096@nittany.edu,ECON102,1,1,78
sl8096@nittany.edu,CMPEN362,2,1,83
sl9147@nittany.edu,CHEM111,2,1,73
sl9147@nittany.edu,CMPSC465,2,1,67
sl9147@nittany.edu,CSE583,1,1,94
sm4115@nittany.edu,STAT318,1,1,89
sm4115@nittany.edu,CMPEN411,2,1,87
sm4115@nittany.edu,CSE583,1,1,82
sm4829@nittany.edu,CMPEN270,2,1,100
sm4829@nittany.edu,STAT318,1,1,72
sm4829@nittany.edu,CMPEN441,2,1,77
sm5255@nittany.edu,ECON102,2,1,88
sm5255@nittany.edu,MATH231,2,1,88
sm5255@nittany.edu,CMPEN411,1,1,95
sm5549@nittany.edu,STAT415,2,1,76
sm5549@nittany.edu,EE211,1,1,86
sm5549@nittany.edu,EE311,1,1,60
sm5970@nittany.edu,CMPSC131,1,1,61
sm5970@nittany.edu,ECON201,1,1,92
sm5970@nittany.edu,CHEM112,1,1,67
sm6043@nittany.edu,CMPEN351,1,1,69
sm6043@nittany.edu,EE311,2,1,65
sm6043@nittany.edu,DS220,2,1,65
sm6158@nittany.edu,DS120,2,1,87
sm6158@nittany.edu,EE311,2,1,68
sm6158@nittany.edu,CMPEN331,1,1,89
sm8842@nittany.edu,CMPSC360,2,1,71
sm8842@nittany.edu,PHYS212,1,1,78
sm8842@nittany.edu,EE211,2,1,83
sm9645@nittany.edu,CMPSC465,1,1,94
sm9645@nittany.edu,IST110,2,1,98
sm9645@nittany.edu,EE212,1,1,81
sn9491@nittany.edu,EE311,2,1,95
sn9491@nittany.edu,CMPEN351,1,1,65
sn9491@nittany.edu,CMPSC131,1,1,100
sp1402@nittany.edu,CMPSC221,1,1,86
sp1402@nittany.edu,PHYS214,2,1,76
sp1402@nittany.edu,EE330,1,1,71
sp1616@nittany.edu,CSE583,2,1,89
sp1616@nittany.edu,CMPSC448,2,1,92
sp1616@nittany.edu,PHYS211,2,1,65
sp7638@nittany.edu,CMPSC465,2,1,82
sp7638@nittany.edu,CMPSC311,1,1,73
sr4229@nittany.edu,CMPEN270,2,1,61
sr4229@nittany.edu,EE211,2,1,71
sr4229@nittany.edu,DS120,2,1,70
sr6321@nittany.edu,EE210,1,1,93
sr6321@nittany.edu,DS220,2,1,68
sr6321@nittany.edu,CMPSC475,1,1,62
sr7729@nittany.edu,CHEM111,1,1,99
sr7729@nittany.edu,CHEM112,1,1,63
sr8161@nittany.edu,MATH141,1,1,99
sr8161@nittany.edu,EE352,1,1,76
sr8161@nittany.edu,CMPEN331,2,1,66
sr9640@nittany.edu,EE330,1,1,73
sr9640@nittany.edu,CMPEN431,2,1,86
sr9640@nittany.edu,EE352,2,1,93
ss2791@nittany.edu,EE210,2,1,75
ss2791@nittany.edu,CMPEN351,1,1,62
ss2791@nittany.edu,MATH140,2,1,73
ss5447@nittany.edu,MATH140,2,1,67
ss5447@nittany.edu,ECON101,1,1,68
ss5447@nittany.edu,STAT415,1,1,81
ss9714@nittany.edu,CSE583,1,1,70
ss9714@nittany.edu,ECON101,2,1,95
sv5358@nittany.edu,CMPSC132,2,1,77
sv5358@nittany.edu,EE330,1,1,94
sv5358@nittany.edu,CMPSC475,2,1,74
sw3767@nittany.edu,EE211,2,1,82
sw3767@nittany.edu,CMPEN331,2,1,74
sw3767@nittany.edu,EE352,2,1,95
sw4720@nittany.edu,CSE583,1,1,69
sw4720@nittany.edu,STAT415,2,1,65
sw4720@nittany.edu,STAT319,2,1,65
sw7724@nittany.edu,MATH231,2,1,64
sw7724@nittany.edu,PHYS212,1,1,74
sw7724@nittany.edu,CSE583,1,1,80
sw9710@nittany.edu,CHEM111,1,1,77
sw9710@nittany.edu,CMPSC132,1,1,60
sw9710@nittany.edu,CMPEN411,2,1,74
ta4214@nittany.edu,PHYS212,2,1,96
ta4214@nittany.edu,CMPSC132,1,1,83
tb1810@nittany.edu,EE210,2,1,62
tb1810@nittany.edu,CMPSC465,1,1,95
tb4699@nittany.edu,EE353,1,1,88
tb4699@nittany.edu,CHEM111,2,1,62
tb4699@nittany.edu,CSE543,1,1,62
tb7100@nittany.edu,EE311,2,1,65
tb7100@nittany.edu,CMPSC132,2,1,70
tb8127@nittany.edu,CMPSC461,1,1,88
tb8127@nittany.edu,CMPSC475,2,1,96
tb8127@nittany.edu,PHYS211,2,1,94
td2308@nittany.edu,CMPSC431W,2,1,89
td2308@nittany.edu,EE352,1,1,91
td2308@nittany.edu,IST128,2,1,89
td2477@nittany.edu,EE210,2,1,97
td2477@nittany.edu,IST128,1,1,90
tf2405@nittany.edu,CMPSC431W,1,1,92
tf2405@nittany.edu,IST110,2,1,86
tf2405@nittany.edu,IST128,1,1,67
tf8025@nittany.edu,CMPSC221,1,1,62
tf8025@nittany.edu,CHEM110,1,1,65
tf8025@nittany.edu,STAT415,1,1,90
tg2289@nittany.edu,CMPEN441,1,1,98
tg2289@nittany.edu,CHEM110,2,1,79
th2610@nittany.edu,CSE583,2,1,92
th2610@nittany.edu,CHEM111,2,1,86
th2610@nittany.edu,PHYS212,1,1,66
th3170@nittany.edu,EE212,1,1,73
th3170@nittany.edu,MATH141,2,1,79
th3170@nittany.edu,CMPEN331,2,1,71
tk1529@nittany.edu,EE211,1,1,60
tk1529@nittany.edu,EE311,2,1,99
tk1529@nittany.edu,CHEM110,1,1,79
tk5748@nittany.edu,EE210,1,1,95
tk5748@nittany.edu,STAT319,2,1,92
tk5748@nittany.edu,CMPSC132,1,1,66
tl1139@nittany.edu,DS220,2,1,84
tl1139@nittany.edu,STAT319,1,1,99
tm4946@nittany.edu,STAT318,2,1,82
tm4946@nittany.edu,DS120,2,1,67
tm4946@nittany.edu,CMPSC221,1,1,98
tm5315@nittany.edu,ECON201,2,1,85
tm5315@nittany.edu,IST110,1,1,87
tp3946@nittany.edu,CMPEN441,2,1,80
tp3946@nittany.edu,DS120,2,1,80
tp4444@nittany.edu,CMPSC221,1,1,78
tp4444@nittany.edu,STAT415,2,1,84
tp4444@nittany.edu,DS120,1,1,95
tp8468@nittany.edu,IST128,2,1,99
tp8468@nittany.edu,PHYS214,1,1,85
tp8468@nittany.edu,MATH230,2,1,85
tr4637@nittany.edu,EE211,1,1,68
tr4637@nittany.edu,STAT318,2,1,62
ts1830@nittany.edu,CMPSC360,2,1,74
ts1830@nittany.edu,EE210,1,1,92
ts5040@nittany.edu,ECON101,2,1,65
ts5040@nittany.edu,MATH141,1,1,88
tt1799@nittany.edu,CMPSC131,2,1,67
tt1799@nittany.edu,CMPSC360,2,1,84
tt1799@nittany.edu,CMPSC461,1,1,96
tw6502@nittany.edu,PHYS211,2,1,63
tw6502@nittany.edu,PHYS214,1,1,77
tw6502@nittany.edu,PHYS212,2,1,83
tz1637@nittany.edu,EE352,2,1,97
tz1637@nittany.edu,CMPSC131,2,1,92
tz1637@nittany.edu,PHYS211,1,1,80
ub9586@nittany.edu,MATH141,2,1,66
ub9586@nittany.edu,PHYS212,2,1,67
ub9586@nittany.edu,EE210,1,1,86
uf7067@nittany.edu,EE210,1,1,85
uf7067@nittany.edu,MATH230,1,1,63
uf7067@nittany.edu,ECON101,1,1,85
ug5112@nittany.edu,STAT415,1,1,69
ug5112@nittany.edu,CHEM110,2,1,96
us6442@nittany.edu,CMPSC475,2,1,89
us6442@nittany.edu,CMPSC360,2,1,73
us6442@nittany.edu,MATH140,1,1,80
ve8889@nittany.edu,EE330,1,1,94
ve8889@nittany.edu,CSE543,2,1,65
ve8889@nittany.edu,CSE583,1,1,94
vg5084@nittany.edu,CMPEN331,2,1,88
vg5084@nittany.edu,EE212,2,1,76
vg5084@nittany.edu,MATH140,1,1,60
vh5298@nittany.edu,EE210,2,1,90
vh5298@nittany.edu,STAT319,1,1,60
vh5298@nittany.edu,CHEM110,1,1,72
vk7408@nittany.edu,PHYS212,1,1,90
vk7408@nittany.edu,CHEM112,1,1,63
vk7408@nittany.edu,PHYS211,1,1,95
vk8864@nittany.edu,CMPSC131,1,1,83
vl5929@nittany.edu,CMPSC448,2,1,66
vl5929@nittany.edu,EE211,1,1,64
vl7715@nittany.edu,CMPSC311,2,1,96
vl7715@nittany.edu,CMPSC448,1,1,79
vl7715@nittany.edu,EE211,1,1,100
vn4576@nittany.edu,CMPEN441,2,1,84
vn4576@nittany.edu,STAT318,2,1,89
vo6259@nittany.edu,CSE543,2,1,70
vo6259@nittany.edu,CMPEN351,2,1,61
vp6083@nittany.edu,DS120,1,1,90
vp6083@nittany.edu,STAT415,2,1,74
vp6083@nittany.edu,CHEM111,1,1,61
vr4622@nittany.edu,MATH231,1,1,94
vr4622@nittany.edu,IST128,1,1,85
vs8351@nittany.edu,IST110,2,1,90
vs8351@nittany.edu,MATH230,1,1,96
vs8351@nittany.edu,CHEM111,2,1,71
vt8578@nittany.edu,EE212,2,1,81
vt8578@nittany.edu,CMPEN362,1,1,84
vt8578@nittany.edu,ECON201,2,1,74
vw5806@nittany.edu,IST110,1,1,67
vw5806@nittany.edu,CMPSC360,1,1,90
vy1999@nittany.edu,STAT319,2,1,92
vy1999@nittany.edu,PHYS213,1,1,79
wa5127@nittany.edu,CMPEN351,2,1,67
wa5127@nittany.edu,CMPEN270,1,1,69
wa5127@nittany.edu,EE212,1,1,60
wa5135@nittany.edu,CHEM112,2,1,69
wa5135@nittany.edu,EE211,2,1,90
wa5135@nittany.edu,CMPEN431,2,1,74
wc1418@nittany.edu,PHYS211,1,1,76
wc1418@nittany.edu,ECON102,1,1,89
wd2661@nittany.edu,CHEM112,2,1,84
wd2661@nittany.edu,CHEM110,2,1,95
wd2661@nittany.edu,EE330,2,1,83
wg1476@nittany.edu,IST128,2,1,72
wg1476@nittany.edu,DS220,1,1,97
wg1476@nittany.edu,CMPSC221,2,1,67
wl5243@nittany.edu,EE212,1,1,86
wl5243@nittany.edu,ECON102,2,1,89
wl5243@nittany.edu,MATH140,1,1,60
wm3293@nittany.edu,MATH231,2,1,95
wm3293@nittany.edu,CMPSC448,2,1,90
wm3293@nittany.edu,CMPSC131,2,1,97
wo4044@nittany.edu,CMPSC465,1,1,84
wo4044@nittany.edu,EE311,2,1,72
wo4044@nittany.edu,DS120,2,1,70
wr1679@nittany.edu,EE320,2,1,76
wr1679@nittany.edu,MATH140,2,1,78
wr1679@nittany.edu,CMPSC461,2,1,64
wr2752@nittany.edu,DS120,2,1,79
wr2752@nittany.edu,EE320,2,1,87
wr2752@nittany.edu,CMPEN362,1,1,77
wr3515@nittany.edu,CMPSC221,1,1,71
wr3515@nittany.edu,MATH230,2,1,76
ws6593@nittany.edu,CMPSC465,2,1,63
ws6593@nittany.edu,STAT318,2,1,84
ws6593@nittany.edu,CMPSC448,2,1,87
ws8716@nittany.edu,MATH231,1,1,76
ws8716@nittany.edu,EE311,1,1,65
ws8716@nittany.edu,EE353,2,1,98
ww9231@nittany.edu,PHYS211,2,1,94
ww9231@nittany.edu,CHEM112,1,1,97
ww9231@nittany.edu,CMPSC431W,2,1,60
xb9185@nittany.edu,CMPSC221,1,1,93
xb9185@nittany.edu,PHYS212,1,1,93
xb9185@nittany.edu,CMPSC461,2,1,73
xg4863@nittany.edu,PHYS212,2,1,85
xg4863@nittany.edu,CMPEN331,1,1,85
xg4863@nittany.edu,ECON101,1,1,61
yc2897@nittany.edu,CMPEN270,1,1,83
yc2897@nittany.edu,EE352,2,1,75
yc2897@nittany.edu,CMPEN441,2,1,78
yc8409@nittany.edu,DS220,1,1,90
yc8409@nittany.edu,MATH230,2,1,69
yc8409@nittany.edu,MATH140,2,1,86
ys9174@nittany.edu,CMPEN431,2,1,82
ys9174@nittany.edu,EE212,1,1,79
zg1956@nittany.edu,DS220,2,1,61
zg1956@nittany.edu,CHEM110,1,1,74
zg1956@nittany.edu,IST110,2,1,78
zj6533@nittany.edu,EE311,2,1,74
zj6533@nittany.edu,CMPSC465,2,1,87
zj6533@nittany.edu,CSE543,1,1,65
zo2385@nittany.edu,EE320,2,1,82
zo2385@nittany.edu,CMPSC221,2,1,94
zo2385@nittany.edu,CMPSC475,1,1,94
zp7831@nittany.edu,STAT318,1,1,74
zp7831@nittany.edu,CMPSC360,1,1,81
zp7831@nittany.edu,IST128,1,1,93
zr6066@nittany.edu,EE352,2,1,99
zr6066@nittany.edu,IST110,1,1,83
zr6768@nittany.edu,CHEM110,2,1,97
zr6768@nittany.edu,CMPSC448,1,1,62
zr6768@nittany.edu,MATH141,1,1,72
zw5425@nittany.edu,STAT415,2,1,61
zw5425@nittany.edu,IST110,2,1,99
